"LOCATION","INDICATOR","SUBJECT","MEASURE","FREQUENCY","TIME","Value","Flag Codes"
"AUS","PPP","TOT","NATUSD","A","2000",1.31208,
"AUS","PPP","TOT","NATUSD","A","2001",1.327544,
"AUS","PPP","TOT","NATUSD","A","2002",1.33649,
"AUS","PPP","TOT","NATUSD","A","2003",1.351978,
"AUS","PPP","TOT","NATUSD","A","2004",1.364771,
"AUS","PPP","TOT","NATUSD","A","2005",1.388356,
"AUS","PPP","TOT","NATUSD","A","2006",1.402633,
"AUS","PPP","TOT","NATUSD","A","2007",1.42652,
"AUS","PPP","TOT","NATUSD","A","2008",1.479073,
"AUS","PPP","TOT","NATUSD","A","2009",1.442566,
"AUS","PPP","TOT","NATUSD","A","2010",1.503624,
"AUS","PPP","TOT","NATUSD","A","2011",1.511052,
"AUS","PPP","TOT","NATUSD","A","2012",1.540115,
"AUS","PPP","TOT","NATUSD","A","2013",1.447123,
"AUS","PPP","TOT","NATUSD","A","2014",1.452489,
"AUS","PPP","TOT","NATUSD","A","2015",1.473691,
"AUS","PPP","TOT","NATUSD","A","2016",1.450156,
"AUS","PPP","TOT","NATUSD","A","2017",1.477553,
"AUS","PPP","TOT","NATUSD","A","2018",1.470403,
"AUS","PPP","TOT","NATUSD","A","2019",1.47988,
"AUS","PPP","TOT","NATUSD","A","2020",1.453958,
"AUS","PPP","TOT","NATUSD","A","2021",1.447578,
"AUS","PPP","TOT","NATUSD","A","2022",1.446332,
"AUT","PPP","TOT","NATUSD","A","2000",0.907445,
"AUT","PPP","TOT","NATUSD","A","2001",0.922991,
"AUT","PPP","TOT","NATUSD","A","2002",0.899797,
"AUT","PPP","TOT","NATUSD","A","2003",0.888123,
"AUT","PPP","TOT","NATUSD","A","2004",0.878073,
"AUT","PPP","TOT","NATUSD","A","2005",0.881939,
"AUT","PPP","TOT","NATUSD","A","2006",0.86008,
"AUT","PPP","TOT","NATUSD","A","2007",0.868069,
"AUT","PPP","TOT","NATUSD","A","2008",0.854424,
"AUT","PPP","TOT","NATUSD","A","2009",0.843723,
"AUT","PPP","TOT","NATUSD","A","2010",0.842233,
"AUT","PPP","TOT","NATUSD","A","2011",0.831374,
"AUT","PPP","TOT","NATUSD","A","2012",0.813648,
"AUT","PPP","TOT","NATUSD","A","2013",0.797081,
"AUT","PPP","TOT","NATUSD","A","2014",0.798797,
"AUT","PPP","TOT","NATUSD","A","2015",0.798813,
"AUT","PPP","TOT","NATUSD","A","2016",0.776931,
"AUT","PPP","TOT","NATUSD","A","2017",0.775009,
"AUT","PPP","TOT","NATUSD","A","2018",0.765403,
"AUT","PPP","TOT","NATUSD","A","2019",0.749138,
"AUT","PPP","TOT","NATUSD","A","2020",0.746311,
"AUT","PPP","TOT","NATUSD","A","2021",0.756308,
"AUT","PPP","TOT","NATUSD","A","2022",0.71893,
"BEL","PPP","TOT","NATUSD","A","2000",0.89994,
"BEL","PPP","TOT","NATUSD","A","2001",0.892458,
"BEL","PPP","TOT","NATUSD","A","2002",0.8733,
"BEL","PPP","TOT","NATUSD","A","2003",0.876068,
"BEL","PPP","TOT","NATUSD","A","2004",0.888321,
"BEL","PPP","TOT","NATUSD","A","2005",0.891788,
"BEL","PPP","TOT","NATUSD","A","2006",0.874325,
"BEL","PPP","TOT","NATUSD","A","2007",0.878862,
"BEL","PPP","TOT","NATUSD","A","2008",0.86694,
"BEL","PPP","TOT","NATUSD","A","2009",0.850101,
"BEL","PPP","TOT","NATUSD","A","2010",0.836615,
"BEL","PPP","TOT","NATUSD","A","2011",0.831911,
"BEL","PPP","TOT","NATUSD","A","2012",0.822137,
"BEL","PPP","TOT","NATUSD","A","2013",0.806166,
"BEL","PPP","TOT","NATUSD","A","2014",0.800214,
"BEL","PPP","TOT","NATUSD","A","2015",0.799998,
"BEL","PPP","TOT","NATUSD","A","2016",0.781011,
"BEL","PPP","TOT","NATUSD","A","2017",0.775634,
"BEL","PPP","TOT","NATUSD","A","2018",0.766407,
"BEL","PPP","TOT","NATUSD","A","2019",0.746601,
"BEL","PPP","TOT","NATUSD","A","2020",0.730278,
"BEL","PPP","TOT","NATUSD","A","2021",0.736686,
"BEL","PPP","TOT","NATUSD","A","2022",0.713938,
"CAN","PPP","TOT","NATUSD","A","2000",1.227599,
"CAN","PPP","TOT","NATUSD","A","2001",1.220464,
"CAN","PPP","TOT","NATUSD","A","2002",1.229333,
"CAN","PPP","TOT","NATUSD","A","2003",1.225714,
"CAN","PPP","TOT","NATUSD","A","2004",1.232662,
"CAN","PPP","TOT","NATUSD","A","2005",1.213644,
"CAN","PPP","TOT","NATUSD","A","2006",1.205365,
"CAN","PPP","TOT","NATUSD","A","2007",1.212099,
"CAN","PPP","TOT","NATUSD","A","2008",1.23439,
"CAN","PPP","TOT","NATUSD","A","2009",1.202244,
"CAN","PPP","TOT","NATUSD","A","2010",1.22182,
"CAN","PPP","TOT","NATUSD","A","2011",1.239904,
"CAN","PPP","TOT","NATUSD","A","2012",1.244607,
"CAN","PPP","TOT","NATUSD","A","2013",1.224,
"CAN","PPP","TOT","NATUSD","A","2014",1.230358,
"CAN","PPP","TOT","NATUSD","A","2015",1.248042,
"CAN","PPP","TOT","NATUSD","A","2016",1.207045,
"CAN","PPP","TOT","NATUSD","A","2017",1.212304,
"CAN","PPP","TOT","NATUSD","A","2018",1.206524,
"CAN","PPP","TOT","NATUSD","A","2019",1.234717,
"CAN","PPP","TOT","NATUSD","A","2020",1.231061,
"CAN","PPP","TOT","NATUSD","A","2021",1.238156,
"CAN","PPP","TOT","NATUSD","A","2022",1.253835,
"CZE","PPP","TOT","NATUSD","A","2000",14.329657,
"CZE","PPP","TOT","NATUSD","A","2001",14.323551,
"CZE","PPP","TOT","NATUSD","A","2002",14.458321,
"CZE","PPP","TOT","NATUSD","A","2003",14.1753,
"CZE","PPP","TOT","NATUSD","A","2004",14.426047,
"CZE","PPP","TOT","NATUSD","A","2005",14.562493,
"CZE","PPP","TOT","NATUSD","A","2006",14.415484,
"CZE","PPP","TOT","NATUSD","A","2007",14.256975,
"CZE","PPP","TOT","NATUSD","A","2008",13.916713,
"CZE","PPP","TOT","NATUSD","A","2009",13.638294,
"CZE","PPP","TOT","NATUSD","A","2010",13.672703,
"CZE","PPP","TOT","NATUSD","A","2011",13.345305,
"CZE","PPP","TOT","NATUSD","A","2012",13.297699,
"CZE","PPP","TOT","NATUSD","A","2013",12.785271,
"CZE","PPP","TOT","NATUSD","A","2014",12.70321,
"CZE","PPP","TOT","NATUSD","A","2015",12.93798,
"CZE","PPP","TOT","NATUSD","A","2016",12.576343,
"CZE","PPP","TOT","NATUSD","A","2017",12.424986,
"CZE","PPP","TOT","NATUSD","A","2018",12.371528,
"CZE","PPP","TOT","NATUSD","A","2019",12.274474,
"CZE","PPP","TOT","NATUSD","A","2020",12.461058,
"CZE","PPP","TOT","NATUSD","A","2021",12.742986,
"CZE","PPP","TOT","NATUSD","A","2022",12.723595,
"DNK","PPP","TOT","NATUSD","A","2000",8.669627,
"DNK","PPP","TOT","NATUSD","A","2001",8.692735,
"DNK","PPP","TOT","NATUSD","A","2002",8.561606,
"DNK","PPP","TOT","NATUSD","A","2003",8.64742,
"DNK","PPP","TOT","NATUSD","A","2004",8.459778,
"DNK","PPP","TOT","NATUSD","A","2005",8.569438,
"DNK","PPP","TOT","NATUSD","A","2006",8.287644,
"DNK","PPP","TOT","NATUSD","A","2007",8.161412,
"DNK","PPP","TOT","NATUSD","A","2008",7.944128,
"DNK","PPP","TOT","NATUSD","A","2009",7.731054,
"DNK","PPP","TOT","NATUSD","A","2010",7.591225,
"DNK","PPP","TOT","NATUSD","A","2011",7.466492,
"DNK","PPP","TOT","NATUSD","A","2012",7.564136,
"DNK","PPP","TOT","NATUSD","A","2013",7.354846,
"DNK","PPP","TOT","NATUSD","A","2014",7.328674,
"DNK","PPP","TOT","NATUSD","A","2015",7.305357,
"DNK","PPP","TOT","NATUSD","A","2016",7.079856,
"DNK","PPP","TOT","NATUSD","A","2017",6.871679,
"DNK","PPP","TOT","NATUSD","A","2018",6.765997,
"DNK","PPP","TOT","NATUSD","A","2019",6.634081,
"DNK","PPP","TOT","NATUSD","A","2020",6.551107,
"DNK","PPP","TOT","NATUSD","A","2021",6.589808,
"DNK","PPP","TOT","NATUSD","A","2022",6.31981,
"FIN","PPP","TOT","NATUSD","A","2000",0.983933,
"FIN","PPP","TOT","NATUSD","A","2001",1.002746,
"FIN","PPP","TOT","NATUSD","A","2002",0.998133,
"FIN","PPP","TOT","NATUSD","A","2003",1.001951,
"FIN","PPP","TOT","NATUSD","A","2004",0.973205,
"FIN","PPP","TOT","NATUSD","A","2005",0.979424,
"FIN","PPP","TOT","NATUSD","A","2006",0.952925,
"FIN","PPP","TOT","NATUSD","A","2007",0.934698,
"FIN","PPP","TOT","NATUSD","A","2008",0.912125,
"FIN","PPP","TOT","NATUSD","A","2009",0.896493,
"FIN","PPP","TOT","NATUSD","A","2010",0.900522,
"FIN","PPP","TOT","NATUSD","A","2011",0.898068,
"FIN","PPP","TOT","NATUSD","A","2012",0.908495,
"FIN","PPP","TOT","NATUSD","A","2013",0.905357,
"FIN","PPP","TOT","NATUSD","A","2014",0.90721,
"FIN","PPP","TOT","NATUSD","A","2015",0.907748,
"FIN","PPP","TOT","NATUSD","A","2016",0.880895,
"FIN","PPP","TOT","NATUSD","A","2017",0.863657,
"FIN","PPP","TOT","NATUSD","A","2018",0.853746,
"FIN","PPP","TOT","NATUSD","A","2019",0.838421,
"FIN","PPP","TOT","NATUSD","A","2020",0.823022,
"FIN","PPP","TOT","NATUSD","A","2021",0.82669,
"FIN","PPP","TOT","NATUSD","A","2022",0.80248,
"FRA","PPP","TOT","NATUSD","A","2000",0.93019,
"FRA","PPP","TOT","NATUSD","A","2001",0.911773,
"FRA","PPP","TOT","NATUSD","A","2002",0.900678,
"FRA","PPP","TOT","NATUSD","A","2003",0.929847,
"FRA","PPP","TOT","NATUSD","A","2004",0.935121,
"FRA","PPP","TOT","NATUSD","A","2005",0.916458,
"FRA","PPP","TOT","NATUSD","A","2006",0.894745,
"FRA","PPP","TOT","NATUSD","A","2007",0.888659,
"FRA","PPP","TOT","NATUSD","A","2008",0.881874,
"FRA","PPP","TOT","NATUSD","A","2009",0.862957,
"FRA","PPP","TOT","NATUSD","A","2010",0.854675,
"FRA","PPP","TOT","NATUSD","A","2011",0.841361,
"FRA","PPP","TOT","NATUSD","A","2012",0.844301,
"FRA","PPP","TOT","NATUSD","A","2013",0.811643,
"FRA","PPP","TOT","NATUSD","A","2014",0.807565,
"FRA","PPP","TOT","NATUSD","A","2015",0.808694,
"FRA","PPP","TOT","NATUSD","A","2016",0.780044,
"FRA","PPP","TOT","NATUSD","A","2017",0.770109,
"FRA","PPP","TOT","NATUSD","A","2018",0.756166,
"FRA","PPP","TOT","NATUSD","A","2019",0.716286,
"FRA","PPP","TOT","NATUSD","A","2020",0.71036,
"FRA","PPP","TOT","NATUSD","A","2021",0.718667,
"FRA","PPP","TOT","NATUSD","A","2022",0.692756,
"DEU","PPP","TOT","NATUSD","A","2000",0.943029,
"DEU","PPP","TOT","NATUSD","A","2001",0.929789,
"DEU","PPP","TOT","NATUSD","A","2002",0.913257,
"DEU","PPP","TOT","NATUSD","A","2003",0.895891,
"DEU","PPP","TOT","NATUSD","A","2004",0.875058,
"DEU","PPP","TOT","NATUSD","A","2005",0.872721,
"DEU","PPP","TOT","NATUSD","A","2006",0.847629,
"DEU","PPP","TOT","NATUSD","A","2007",0.837197,
"DEU","PPP","TOT","NATUSD","A","2008",0.820401,
"DEU","PPP","TOT","NATUSD","A","2009",0.811098,
"DEU","PPP","TOT","NATUSD","A","2010",0.805081,
"DEU","PPP","TOT","NATUSD","A","2011",0.788739,
"DEU","PPP","TOT","NATUSD","A","2012",0.787246,
"DEU","PPP","TOT","NATUSD","A","2013",0.774784,
"DEU","PPP","TOT","NATUSD","A","2014",0.768937,
"DEU","PPP","TOT","NATUSD","A","2015",0.778122,
"DEU","PPP","TOT","NATUSD","A","2016",0.752608,
"DEU","PPP","TOT","NATUSD","A","2017",0.744783,
"DEU","PPP","TOT","NATUSD","A","2018",0.735448,
"DEU","PPP","TOT","NATUSD","A","2019",0.728249,
"DEU","PPP","TOT","NATUSD","A","2020",0.725002,
"DEU","PPP","TOT","NATUSD","A","2021",0.736277,
"DEU","PPP","TOT","NATUSD","A","2022",0.719944,
"GRC","PPP","TOT","NATUSD","A","2000",0.669644,
"GRC","PPP","TOT","NATUSD","A","2001",0.668522,
"GRC","PPP","TOT","NATUSD","A","2002",0.662967,
"GRC","PPP","TOT","NATUSD","A","2003",0.685047,
"GRC","PPP","TOT","NATUSD","A","2004",0.69451,
"GRC","PPP","TOT","NATUSD","A","2005",0.708976,
"GRC","PPP","TOT","NATUSD","A","2006",0.6925,
"GRC","PPP","TOT","NATUSD","A","2007",0.718226,
"GRC","PPP","TOT","NATUSD","A","2008",0.707951,
"GRC","PPP","TOT","NATUSD","A","2009",0.704425,
"GRC","PPP","TOT","NATUSD","A","2010",0.722013,
"GRC","PPP","TOT","NATUSD","A","2011",0.713163,
"GRC","PPP","TOT","NATUSD","A","2012",0.684663,
"GRC","PPP","TOT","NATUSD","A","2013",0.631286,
"GRC","PPP","TOT","NATUSD","A","2014",0.611135,
"GRC","PPP","TOT","NATUSD","A","2015",0.60907,
"GRC","PPP","TOT","NATUSD","A","2016",0.58858,
"GRC","PPP","TOT","NATUSD","A","2017",0.575041,
"GRC","PPP","TOT","NATUSD","A","2018",0.564857,
"GRC","PPP","TOT","NATUSD","A","2019",0.548889,
"GRC","PPP","TOT","NATUSD","A","2020",0.544068,
"GRC","PPP","TOT","NATUSD","A","2021",0.545545,
"GRC","PPP","TOT","NATUSD","A","2022",0.52849,
"HUN","PPP","TOT","NATUSD","A","2000",110.065369,
"HUN","PPP","TOT","NATUSD","A","2001",114.418258,
"HUN","PPP","TOT","NATUSD","A","2002",118.141282,
"HUN","PPP","TOT","NATUSD","A","2003",122.00604,
"HUN","PPP","TOT","NATUSD","A","2004",128.381274,
"HUN","PPP","TOT","NATUSD","A","2005",130.929945,
"HUN","PPP","TOT","NATUSD","A","2006",131.499035,
"HUN","PPP","TOT","NATUSD","A","2007",134.049856,
"HUN","PPP","TOT","NATUSD","A","2008",131.005355,
"HUN","PPP","TOT","NATUSD","A","2009",127.688976,
"HUN","PPP","TOT","NATUSD","A","2010",126.417091,
"HUN","PPP","TOT","NATUSD","A","2011",124.271836,
"HUN","PPP","TOT","NATUSD","A","2012",125.623608,
"HUN","PPP","TOT","NATUSD","A","2013",124.979432,
"HUN","PPP","TOT","NATUSD","A","2014",129.414974,
"HUN","PPP","TOT","NATUSD","A","2015",132.55351,
"HUN","PPP","TOT","NATUSD","A","2016",132.033797,
"HUN","PPP","TOT","NATUSD","A","2017",136.036522,
"HUN","PPP","TOT","NATUSD","A","2018",139.092451,
"HUN","PPP","TOT","NATUSD","A","2019",140.828438,
"HUN","PPP","TOT","NATUSD","A","2020",145.351046,
"HUN","PPP","TOT","NATUSD","A","2021",154.748155,
"HUN","PPP","TOT","NATUSD","A","2022",161.240338,
"ISL","PPP","TOT","NATUSD","A","2000",84.717215,
"ISL","PPP","TOT","NATUSD","A","2001",88.304027,
"ISL","PPP","TOT","NATUSD","A","2002",91.105413,
"ISL","PPP","TOT","NATUSD","A","2003",92.603529,
"ISL","PPP","TOT","NATUSD","A","2004",93.286208,
"ISL","PPP","TOT","NATUSD","A","2005",95.840665,
"ISL","PPP","TOT","NATUSD","A","2006",101.639332,
"ISL","PPP","TOT","NATUSD","A","2007",107.347266,
"ISL","PPP","TOT","NATUSD","A","2008",114.527003,
"ISL","PPP","TOT","NATUSD","A","2009",121.974675,
"ISL","PPP","TOT","NATUSD","A","2010",132.887715,
"ISL","PPP","TOT","NATUSD","A","2011",135.152004,
"ISL","PPP","TOT","NATUSD","A","2012",136.96767,
"ISL","PPP","TOT","NATUSD","A","2013",137.022617,
"ISL","PPP","TOT","NATUSD","A","2014",138.547869,
"ISL","PPP","TOT","NATUSD","A","2015",141.974926,
"ISL","PPP","TOT","NATUSD","A","2016",140.02995,
"ISL","PPP","TOT","NATUSD","A","2017",138.277175,
"ISL","PPP","TOT","NATUSD","A","2018",140.970278,
"ISL","PPP","TOT","NATUSD","A","2019",140.697258,
"ISL","PPP","TOT","NATUSD","A","2020",146.668369,
"ISL","PPP","TOT","NATUSD","A","2021",149.679879,
"ISL","PPP","TOT","NATUSD","A","2022",148.660051,
"IRL","PPP","TOT","NATUSD","A","2000",0.943766,
"IRL","PPP","TOT","NATUSD","A","2001",0.969445,
"IRL","PPP","TOT","NATUSD","A","2002",0.981997,
"IRL","PPP","TOT","NATUSD","A","2003",1.003885,
"IRL","PPP","TOT","NATUSD","A","2004",0.991146,
"IRL","PPP","TOT","NATUSD","A","2005",1.011707,
"IRL","PPP","TOT","NATUSD","A","2006",0.978295,
"IRL","PPP","TOT","NATUSD","A","2007",0.957671,
"IRL","PPP","TOT","NATUSD","A","2008",0.944447,
"IRL","PPP","TOT","NATUSD","A","2009",0.901275,
"IRL","PPP","TOT","NATUSD","A","2010",0.849546,
"IRL","PPP","TOT","NATUSD","A","2011",0.831513,
"IRL","PPP","TOT","NATUSD","A","2012",0.823072,
"IRL","PPP","TOT","NATUSD","A","2013",0.811228,
"IRL","PPP","TOT","NATUSD","A","2014",0.819041,
"IRL","PPP","TOT","NATUSD","A","2015",0.809686,
"IRL","PPP","TOT","NATUSD","A","2016",0.794289,
"IRL","PPP","TOT","NATUSD","A","2017",0.794405,
"IRL","PPP","TOT","NATUSD","A","2018",0.792214,
"IRL","PPP","TOT","NATUSD","A","2019",0.805766,
"IRL","PPP","TOT","NATUSD","A","2020",0.796081,
"IRL","PPP","TOT","NATUSD","A","2021",0.794732,
"IRL","PPP","TOT","NATUSD","A","2022",0.76562,
"ITA","PPP","TOT","NATUSD","A","2000",0.805206,
"ITA","PPP","TOT","NATUSD","A","2001",0.81636,
"ITA","PPP","TOT","NATUSD","A","2002",0.823489,
"ITA","PPP","TOT","NATUSD","A","2003",0.833422,
"ITA","PPP","TOT","NATUSD","A","2004",0.851859,
"ITA","PPP","TOT","NATUSD","A","2005",0.855139,
"ITA","PPP","TOT","NATUSD","A","2006",0.822895,
"ITA","PPP","TOT","NATUSD","A","2007",0.809278,
"ITA","PPP","TOT","NATUSD","A","2008",0.783694,
"ITA","PPP","TOT","NATUSD","A","2009",0.771315,
"ITA","PPP","TOT","NATUSD","A","2010",0.773168,
"ITA","PPP","TOT","NATUSD","A","2011",0.758687,
"ITA","PPP","TOT","NATUSD","A","2012",0.747731,
"ITA","PPP","TOT","NATUSD","A","2013",0.737299,
"ITA","PPP","TOT","NATUSD","A","2014",0.739644,
"ITA","PPP","TOT","NATUSD","A","2015",0.738694,
"ITA","PPP","TOT","NATUSD","A","2016",0.700544,
"ITA","PPP","TOT","NATUSD","A","2017",0.689895,
"ITA","PPP","TOT","NATUSD","A","2018",0.681219,
"ITA","PPP","TOT","NATUSD","A","2019",0.656771,
"ITA","PPP","TOT","NATUSD","A","2020",0.647709,
"ITA","PPP","TOT","NATUSD","A","2021",0.64754,
"ITA","PPP","TOT","NATUSD","A","2022",0.61742,
"JPN","PPP","TOT","NATUSD","A","2000",154.691385,
"JPN","PPP","TOT","NATUSD","A","2001",149.641888,
"JPN","PPP","TOT","NATUSD","A","2002",143.774205,
"JPN","PPP","TOT","NATUSD","A","2003",139.579081,
"JPN","PPP","TOT","NATUSD","A","2004",134.401332,
"JPN","PPP","TOT","NATUSD","A","2005",129.551955,
"JPN","PPP","TOT","NATUSD","A","2006",124.448861,
"JPN","PPP","TOT","NATUSD","A","2007",120.319482,
"JPN","PPP","TOT","NATUSD","A","2008",116.845814,
"JPN","PPP","TOT","NATUSD","A","2009",115.219075,
"JPN","PPP","TOT","NATUSD","A","2010",111.709563,
"JPN","PPP","TOT","NATUSD","A","2011",107.454281,
"JPN","PPP","TOT","NATUSD","A","2012",104.273972,
"JPN","PPP","TOT","NATUSD","A","2013",101.302673,
"JPN","PPP","TOT","NATUSD","A","2014",103.052076,
"JPN","PPP","TOT","NATUSD","A","2015",103.469437,
"JPN","PPP","TOT","NATUSD","A","2016",105.519502,
"JPN","PPP","TOT","NATUSD","A","2017",105.101901,
"JPN","PPP","TOT","NATUSD","A","2018",104.158636,
"JPN","PPP","TOT","NATUSD","A","2019",104.225919,
"JPN","PPP","TOT","NATUSD","A","2020",102.4277,
"JPN","PPP","TOT","NATUSD","A","2021",102.050113,
"JPN","PPP","TOT","NATUSD","A","2022",95.214288,
"KOR","PPP","TOT","NATUSD","A","2000",747.736794,
"KOR","PPP","TOT","NATUSD","A","2001",756.699134,
"KOR","PPP","TOT","NATUSD","A","2002",769.77179,
"KOR","PPP","TOT","NATUSD","A","2003",791.293714,
"KOR","PPP","TOT","NATUSD","A","2004",794.711552,
"KOR","PPP","TOT","NATUSD","A","2005",788.920135,
"KOR","PPP","TOT","NATUSD","A","2006",772.216161,
"KOR","PPP","TOT","NATUSD","A","2007",770.085526,
"KOR","PPP","TOT","NATUSD","A","2008",785.717886,
"KOR","PPP","TOT","NATUSD","A","2009",828.420848,
"KOR","PPP","TOT","NATUSD","A","2010",840.991702,
"KOR","PPP","TOT","NATUSD","A","2011",854.585723,
"KOR","PPP","TOT","NATUSD","A","2012",854.887268,
"KOR","PPP","TOT","NATUSD","A","2013",869.081422,
"KOR","PPP","TOT","NATUSD","A","2014",871.878106,
"KOR","PPP","TOT","NATUSD","A","2015",857.483387,
"KOR","PPP","TOT","NATUSD","A","2016",858.809687,
"KOR","PPP","TOT","NATUSD","A","2017",872.624771,
"KOR","PPP","TOT","NATUSD","A","2018",854.871397,
"KOR","PPP","TOT","NATUSD","A","2019",856.426215,
"KOR","PPP","TOT","NATUSD","A","2020",837.672834,
"KOR","PPP","TOT","NATUSD","A","2021",854.096091,
"KOR","PPP","TOT","NATUSD","A","2022",815.562523,
"LUX","PPP","TOT","NATUSD","A","2000",0.955668,
"LUX","PPP","TOT","NATUSD","A","2001",0.963464,
"LUX","PPP","TOT","NATUSD","A","2002",0.956996,
"LUX","PPP","TOT","NATUSD","A","2003",0.964667,
"LUX","PPP","TOT","NATUSD","A","2004",0.951203,
"LUX","PPP","TOT","NATUSD","A","2005",0.946363,
"LUX","PPP","TOT","NATUSD","A","2006",0.91675,
"LUX","PPP","TOT","NATUSD","A","2007",0.921301,
"LUX","PPP","TOT","NATUSD","A","2008",0.900045,
"LUX","PPP","TOT","NATUSD","A","2009",0.902996,
"LUX","PPP","TOT","NATUSD","A","2010",0.925686,
"LUX","PPP","TOT","NATUSD","A","2011",0.905099,
"LUX","PPP","TOT","NATUSD","A","2012",0.90679,
"LUX","PPP","TOT","NATUSD","A","2013",0.895254,
"LUX","PPP","TOT","NATUSD","A","2014",0.884138,
"LUX","PPP","TOT","NATUSD","A","2015",0.881261,
"LUX","PPP","TOT","NATUSD","A","2016",0.851894,
"LUX","PPP","TOT","NATUSD","A","2017",0.84831,
"LUX","PPP","TOT","NATUSD","A","2018",0.848866,
"LUX","PPP","TOT","NATUSD","A","2019",0.841567,
"LUX","PPP","TOT","NATUSD","A","2020",0.856249,
"LUX","PPP","TOT","NATUSD","A","2021",0.858861,
"LUX","PPP","TOT","NATUSD","A","2022",0.831502,
"MEX","PPP","TOT","NATUSD","A","2000",6.103205,
"MEX","PPP","TOT","NATUSD","A","2001",6.329336,
"MEX","PPP","TOT","NATUSD","A","2002",6.553697,
"MEX","PPP","TOT","NATUSD","A","2003",6.64469,
"MEX","PPP","TOT","NATUSD","A","2004",6.986186,
"MEX","PPP","TOT","NATUSD","A","2005",7.126862,
"MEX","PPP","TOT","NATUSD","A","2006",7.155423,
"MEX","PPP","TOT","NATUSD","A","2007",7.370463,
"MEX","PPP","TOT","NATUSD","A","2008",7.469532,
"MEX","PPP","TOT","NATUSD","A","2009",7.434067,
"MEX","PPP","TOT","NATUSD","A","2010",7.679662,
"MEX","PPP","TOT","NATUSD","A","2011",7.673013,
"MEX","PPP","TOT","NATUSD","A","2012",7.858708,
"MEX","PPP","TOT","NATUSD","A","2013",7.884359,
"MEX","PPP","TOT","NATUSD","A","2014",8.045318,
"MEX","PPP","TOT","NATUSD","A","2015",8.327595,
"MEX","PPP","TOT","NATUSD","A","2016",8.446043,
"MEX","PPP","TOT","NATUSD","A","2017",8.913552,
"MEX","PPP","TOT","NATUSD","A","2018",9.276363,
"MEX","PPP","TOT","NATUSD","A","2019",9.663256,
"MEX","PPP","TOT","NATUSD","A","2020",10.039837,
"MEX","PPP","TOT","NATUSD","A","2021",10.40177,
"MEX","PPP","TOT","NATUSD","A","2022",10.57619,
"NLD","PPP","TOT","NATUSD","A","2000",0.890379,
"NLD","PPP","TOT","NATUSD","A","2001",0.904912,
"NLD","PPP","TOT","NATUSD","A","2002",0.900863,
"NLD","PPP","TOT","NATUSD","A","2003",0.925456,
"NLD","PPP","TOT","NATUSD","A","2004",0.907788,
"NLD","PPP","TOT","NATUSD","A","2005",0.897139,
"NLD","PPP","TOT","NATUSD","A","2006",0.871972,
"NLD","PPP","TOT","NATUSD","A","2007",0.860091,
"NLD","PPP","TOT","NATUSD","A","2008",0.847775,
"NLD","PPP","TOT","NATUSD","A","2009",0.848335,
"NLD","PPP","TOT","NATUSD","A","2010",0.85409,
"NLD","PPP","TOT","NATUSD","A","2011",0.836065,
"NLD","PPP","TOT","NATUSD","A","2012",0.824408,
"NLD","PPP","TOT","NATUSD","A","2013",0.798166,
"NLD","PPP","TOT","NATUSD","A","2014",0.808798,
"NLD","PPP","TOT","NATUSD","A","2015",0.809978,
"NLD","PPP","TOT","NATUSD","A","2016",0.795448,
"NLD","PPP","TOT","NATUSD","A","2017",0.78215,
"NLD","PPP","TOT","NATUSD","A","2018",0.776747,
"NLD","PPP","TOT","NATUSD","A","2019",0.778559,
"NLD","PPP","TOT","NATUSD","A","2020",0.763397,
"NLD","PPP","TOT","NATUSD","A","2021",0.769964,
"NLD","PPP","TOT","NATUSD","A","2022",0.749166,
"NZL","PPP","TOT","NATUSD","A","2000",1.444744,
"NZL","PPP","TOT","NATUSD","A","2001",1.472445,
"NZL","PPP","TOT","NATUSD","A","2002",1.468962,
"NZL","PPP","TOT","NATUSD","A","2003",1.495681,
"NZL","PPP","TOT","NATUSD","A","2004",1.506279,
"NZL","PPP","TOT","NATUSD","A","2005",1.535,
"NZL","PPP","TOT","NATUSD","A","2006",1.482148,
"NZL","PPP","TOT","NATUSD","A","2007",1.506708,
"NZL","PPP","TOT","NATUSD","A","2008",1.490709,
"NZL","PPP","TOT","NATUSD","A","2009",1.472027,
"NZL","PPP","TOT","NATUSD","A","2010",1.496818,
"NZL","PPP","TOT","NATUSD","A","2011",1.485915,
"NZL","PPP","TOT","NATUSD","A","2012",1.495622,
"NZL","PPP","TOT","NATUSD","A","2013",1.445979,
"NZL","PPP","TOT","NATUSD","A","2014",1.44073,
"NZL","PPP","TOT","NATUSD","A","2015",1.478014,
"NZL","PPP","TOT","NATUSD","A","2016",1.441008,
"NZL","PPP","TOT","NATUSD","A","2017",1.430959,
"NZL","PPP","TOT","NATUSD","A","2018",1.47006,
"NZL","PPP","TOT","NATUSD","A","2019",1.416711,
"NZL","PPP","TOT","NATUSD","A","2020",1.413618,
"NZL","PPP","TOT","NATUSD","A","2021",1.45911,
"NZL","PPP","TOT","NATUSD","A","2022",1.442306,
"NOR","PPP","TOT","NATUSD","A","2000",9.084805,
"NOR","PPP","TOT","NATUSD","A","2001",9.175277,
"NOR","PPP","TOT","NATUSD","A","2002",9.05673,
"NOR","PPP","TOT","NATUSD","A","2003",9.197021,
"NOR","PPP","TOT","NATUSD","A","2004",9.125599,
"NOR","PPP","TOT","NATUSD","A","2005",9.005204,
"NOR","PPP","TOT","NATUSD","A","2006",8.780685,
"NOR","PPP","TOT","NATUSD","A","2007",8.921812,
"NOR","PPP","TOT","NATUSD","A","2008",8.859281,
"NOR","PPP","TOT","NATUSD","A","2009",9.083819,
"NOR","PPP","TOT","NATUSD","A","2010",9.151695,
"NOR","PPP","TOT","NATUSD","A","2011",9.082736,
"NOR","PPP","TOT","NATUSD","A","2012",9.037085,
"NOR","PPP","TOT","NATUSD","A","2013",9.029349,
"NOR","PPP","TOT","NATUSD","A","2014",9.278458,
"NOR","PPP","TOT","NATUSD","A","2015",9.932516,
"NOR","PPP","TOT","NATUSD","A","2016",10.0419,
"NOR","PPP","TOT","NATUSD","A","2017",9.74983,
"NOR","PPP","TOT","NATUSD","A","2018",9.583999,
"NOR","PPP","TOT","NATUSD","A","2019",9.619909,
"NOR","PPP","TOT","NATUSD","A","2020",9.879879,
"NOR","PPP","TOT","NATUSD","A","2021",9.512157,
"NOR","PPP","TOT","NATUSD","A","2022",10.739663,
"POL","PPP","TOT","NATUSD","A","2000",1.832812,
"POL","PPP","TOT","NATUSD","A","2001",1.837253,
"POL","PPP","TOT","NATUSD","A","2002",1.799795,
"POL","PPP","TOT","NATUSD","A","2003",1.804374,
"POL","PPP","TOT","NATUSD","A","2004",1.830035,
"POL","PPP","TOT","NATUSD","A","2005",1.867595,
"POL","PPP","TOT","NATUSD","A","2006",1.850572,
"POL","PPP","TOT","NATUSD","A","2007",1.853701,
"POL","PPP","TOT","NATUSD","A","2008",1.842243,
"POL","PPP","TOT","NATUSD","A","2009",1.869137,
"POL","PPP","TOT","NATUSD","A","2010",1.804907,
"POL","PPP","TOT","NATUSD","A","2011",1.801424,
"POL","PPP","TOT","NATUSD","A","2012",1.796168,
"POL","PPP","TOT","NATUSD","A","2013",1.762045,
"POL","PPP","TOT","NATUSD","A","2014",1.767142,
"POL","PPP","TOT","NATUSD","A","2015",1.765116,
"POL","PPP","TOT","NATUSD","A","2016",1.732843,
"POL","PPP","TOT","NATUSD","A","2017",1.742879,
"POL","PPP","TOT","NATUSD","A","2018",1.748426,
"POL","PPP","TOT","NATUSD","A","2019",1.723415,
"POL","PPP","TOT","NATUSD","A","2020",1.746574,
"POL","PPP","TOT","NATUSD","A","2021",1.822844,
"POL","PPP","TOT","NATUSD","A","2022",1.866253,
"PRT","PPP","TOT","NATUSD","A","2000",0.660988,
"PRT","PPP","TOT","NATUSD","A","2001",0.670925,
"PRT","PPP","TOT","NATUSD","A","2002",0.672081,
"PRT","PPP","TOT","NATUSD","A","2003",0.669763,
"PRT","PPP","TOT","NATUSD","A","2004",0.676143,
"PRT","PPP","TOT","NATUSD","A","2005",0.664259,
"PRT","PPP","TOT","NATUSD","A","2006",0.640197,
"PRT","PPP","TOT","NATUSD","A","2007",0.646735,
"PRT","PPP","TOT","NATUSD","A","2008",0.636148,
"PRT","PPP","TOT","NATUSD","A","2009",0.627323,
"PRT","PPP","TOT","NATUSD","A","2010",0.623154,
"PRT","PPP","TOT","NATUSD","A","2011",0.623083,
"PRT","PPP","TOT","NATUSD","A","2012",0.605398,
"PRT","PPP","TOT","NATUSD","A","2013",0.583607,
"PRT","PPP","TOT","NATUSD","A","2014",0.578868,
"PRT","PPP","TOT","NATUSD","A","2015",0.584947,
"PRT","PPP","TOT","NATUSD","A","2016",0.571416,
"PRT","PPP","TOT","NATUSD","A","2017",0.575688,
"PRT","PPP","TOT","NATUSD","A","2018",0.571227,
"PRT","PPP","TOT","NATUSD","A","2019",0.558747,
"PRT","PPP","TOT","NATUSD","A","2020",0.557087,
"PRT","PPP","TOT","NATUSD","A","2021",0.567658,
"PRT","PPP","TOT","NATUSD","A","2022",0.549982,
"SVK","PPP","TOT","NATUSD","A","2000",0.516351,
"SVK","PPP","TOT","NATUSD","A","2001",0.515725,
"SVK","PPP","TOT","NATUSD","A","2002",0.521518,
"SVK","PPP","TOT","NATUSD","A","2003",0.54432,
"SVK","PPP","TOT","NATUSD","A","2004",0.564485,
"SVK","PPP","TOT","NATUSD","A","2005",0.564715,
"SVK","PPP","TOT","NATUSD","A","2006",0.554632,
"SVK","PPP","TOT","NATUSD","A","2007",0.553692,
"SVK","PPP","TOT","NATUSD","A","2008",0.53743,
"SVK","PPP","TOT","NATUSD","A","2009",0.515558,
"SVK","PPP","TOT","NATUSD","A","2010",0.502111,
"SVK","PPP","TOT","NATUSD","A","2011",0.506407,
"SVK","PPP","TOT","NATUSD","A","2012",0.504542,
"SVK","PPP","TOT","NATUSD","A","2013",0.491124,
"SVK","PPP","TOT","NATUSD","A","2014",0.485412,
"SVK","PPP","TOT","NATUSD","A","2015",0.491548,
"SVK","PPP","TOT","NATUSD","A","2016",0.503194,
"SVK","PPP","TOT","NATUSD","A","2017",0.516433,
"SVK","PPP","TOT","NATUSD","A","2018",0.526001,
"SVK","PPP","TOT","NATUSD","A","2019",0.517531,
"SVK","PPP","TOT","NATUSD","A","2020",0.519942,
"SVK","PPP","TOT","NATUSD","A","2021",0.533391,
"SVK","PPP","TOT","NATUSD","A","2022",0.533598,
"ESP","PPP","TOT","NATUSD","A","2000",0.739728,
"ESP","PPP","TOT","NATUSD","A","2001",0.747596,
"ESP","PPP","TOT","NATUSD","A","2002",0.742312,
"ESP","PPP","TOT","NATUSD","A","2003",0.759225,
"ESP","PPP","TOT","NATUSD","A","2004",0.765891,
"ESP","PPP","TOT","NATUSD","A","2005",0.769508,
"ESP","PPP","TOT","NATUSD","A","2006",0.736045,
"ESP","PPP","TOT","NATUSD","A","2007",0.732317,
"ESP","PPP","TOT","NATUSD","A","2008",0.725862,
"ESP","PPP","TOT","NATUSD","A","2009",0.718673,
"ESP","PPP","TOT","NATUSD","A","2010",0.726961,
"ESP","PPP","TOT","NATUSD","A","2011",0.714129,
"ESP","PPP","TOT","NATUSD","A","2012",0.694976,
"ESP","PPP","TOT","NATUSD","A","2013",0.6748,
"ESP","PPP","TOT","NATUSD","A","2014",0.662359,
"ESP","PPP","TOT","NATUSD","A","2015",0.66474,
"ESP","PPP","TOT","NATUSD","A","2016",0.642644,
"ESP","PPP","TOT","NATUSD","A","2017",0.630839,
"ESP","PPP","TOT","NATUSD","A","2018",0.631798,
"ESP","PPP","TOT","NATUSD","A","2019",0.612972,
"ESP","PPP","TOT","NATUSD","A","2020",0.621337,
"ESP","PPP","TOT","NATUSD","A","2021",0.625949,
"ESP","PPP","TOT","NATUSD","A","2022",0.596215,
"SWE","PPP","TOT","NATUSD","A","2000",9.162485,
"SWE","PPP","TOT","NATUSD","A","2001",9.402419,
"SWE","PPP","TOT","NATUSD","A","2002",9.413655,
"SWE","PPP","TOT","NATUSD","A","2003",9.485504,
"SWE","PPP","TOT","NATUSD","A","2004",9.29425,
"SWE","PPP","TOT","NATUSD","A","2005",9.479182,
"SWE","PPP","TOT","NATUSD","A","2006",9.11205,
"SWE","PPP","TOT","NATUSD","A","2007",8.871785,
"SWE","PPP","TOT","NATUSD","A","2008",8.778986,
"SWE","PPP","TOT","NATUSD","A","2009",8.920649,
"SWE","PPP","TOT","NATUSD","A","2010",9.025084,
"SWE","PPP","TOT","NATUSD","A","2011",8.844042,
"SWE","PPP","TOT","NATUSD","A","2012",8.654768,
"SWE","PPP","TOT","NATUSD","A","2013",8.597681,
"SWE","PPP","TOT","NATUSD","A","2014",8.727131,
"SWE","PPP","TOT","NATUSD","A","2015",8.854383,
"SWE","PPP","TOT","NATUSD","A","2016",8.822586,
"SWE","PPP","TOT","NATUSD","A","2017",8.852247,
"SWE","PPP","TOT","NATUSD","A","2018",8.865881,
"SWE","PPP","TOT","NATUSD","A","2019",8.709642,
"SWE","PPP","TOT","NATUSD","A","2020",8.668483,
"SWE","PPP","TOT","NATUSD","A","2021",8.721548,
"SWE","PPP","TOT","NATUSD","A","2022",8.666219,
"CHE","PPP","TOT","NATUSD","A","2000",1.788542,
"CHE","PPP","TOT","NATUSD","A","2001",1.768804,
"CHE","PPP","TOT","NATUSD","A","2002",1.70976,
"CHE","PPP","TOT","NATUSD","A","2003",1.715162,
"CHE","PPP","TOT","NATUSD","A","2004",1.691797,
"CHE","PPP","TOT","NATUSD","A","2005",1.686548,
"CHE","PPP","TOT","NATUSD","A","2006",1.598951,
"CHE","PPP","TOT","NATUSD","A","2007",1.531938,
"CHE","PPP","TOT","NATUSD","A","2008",1.493049,
"CHE","PPP","TOT","NATUSD","A","2009",1.470047,
"CHE","PPP","TOT","NATUSD","A","2010",1.466137,
"CHE","PPP","TOT","NATUSD","A","2011",1.397498,
"CHE","PPP","TOT","NATUSD","A","2012",1.354072,
"CHE","PPP","TOT","NATUSD","A","2013",1.312477,
"CHE","PPP","TOT","NATUSD","A","2014",1.281761,
"CHE","PPP","TOT","NATUSD","A","2015",1.235788,
"CHE","PPP","TOT","NATUSD","A","2016",1.201964,
"CHE","PPP","TOT","NATUSD","A","2017",1.187726,
"CHE","PPP","TOT","NATUSD","A","2018",1.178866,
"CHE","PPP","TOT","NATUSD","A","2019",1.150402,
"CHE","PPP","TOT","NATUSD","A","2020",1.13567,
"CHE","PPP","TOT","NATUSD","A","2021",1.106428,
"CHE","PPP","TOT","NATUSD","A","2022",1.065937,
"TUR","PPP","TOT","NATUSD","A","2000",0.281576,
"TUR","PPP","TOT","NATUSD","A","2001",0.414992,
"TUR","PPP","TOT","NATUSD","A","2002",0.591251,
"TUR","PPP","TOT","NATUSD","A","2003",0.736509,
"TUR","PPP","TOT","NATUSD","A","2004",0.792168,
"TUR","PPP","TOT","NATUSD","A","2005",0.834589,
"TUR","PPP","TOT","NATUSD","A","2006",0.84186,
"TUR","PPP","TOT","NATUSD","A","2007",0.851202,
"TUR","PPP","TOT","NATUSD","A","2008",0.87996,
"TUR","PPP","TOT","NATUSD","A","2009",0.904619,
"TUR","PPP","TOT","NATUSD","A","2010",0.920356,
"TUR","PPP","TOT","NATUSD","A","2011",0.966176,
"TUR","PPP","TOT","NATUSD","A","2012",1.019856,
"TUR","PPP","TOT","NATUSD","A","2013",1.070294,
"TUR","PPP","TOT","NATUSD","A","2014",1.104504,
"TUR","PPP","TOT","NATUSD","A","2015",1.162452,
"TUR","PPP","TOT","NATUSD","A","2016",1.241052,
"TUR","PPP","TOT","NATUSD","A","2017",1.38398,
"TUR","PPP","TOT","NATUSD","A","2018",1.63261,
"TUR","PPP","TOT","NATUSD","A","2019",1.864012,
"TUR","PPP","TOT","NATUSD","A","2020",2.1642,
"TUR","PPP","TOT","NATUSD","A","2021",2.807879,
"TUR","PPP","TOT","NATUSD","A","2022",5.035388,
"GBR","PPP","TOT","NATUSD","A","2000",0.704476,
"GBR","PPP","TOT","NATUSD","A","2001",0.694549,
"GBR","PPP","TOT","NATUSD","A","2002",0.689877,
"GBR","PPP","TOT","NATUSD","A","2003",0.695843,
"GBR","PPP","TOT","NATUSD","A","2004",0.687835,
"GBR","PPP","TOT","NATUSD","A","2005",0.707619,
"GBR","PPP","TOT","NATUSD","A","2006",0.696532,
"GBR","PPP","TOT","NATUSD","A","2007",0.709149,
"GBR","PPP","TOT","NATUSD","A","2008",0.701691,
"GBR","PPP","TOT","NATUSD","A","2009",0.710066,
"GBR","PPP","TOT","NATUSD","A","2010",0.702279,
"GBR","PPP","TOT","NATUSD","A","2011",0.706052,
"GBR","PPP","TOT","NATUSD","A","2012",0.701634,
"GBR","PPP","TOT","NATUSD","A","2013",0.695248,
"GBR","PPP","TOT","NATUSD","A","2014",0.698444,
"GBR","PPP","TOT","NATUSD","A","2015",0.692551,
"GBR","PPP","TOT","NATUSD","A","2016",0.688603,
"GBR","PPP","TOT","NATUSD","A","2017",0.684601,
"GBR","PPP","TOT","NATUSD","A","2018",0.687714,
"GBR","PPP","TOT","NATUSD","A","2019",0.679466,
"GBR","PPP","TOT","NATUSD","A","2020",0.685567,
"GBR","PPP","TOT","NATUSD","A","2021",0.676658,
"GBR","PPP","TOT","NATUSD","A","2022",0.663595,
"USA","PPP","TOT","NATUSD","A","2000",1,
"USA","PPP","TOT","NATUSD","A","2001",1,
"USA","PPP","TOT","NATUSD","A","2002",1,
"USA","PPP","TOT","NATUSD","A","2003",1,
"USA","PPP","TOT","NATUSD","A","2004",1,
"USA","PPP","TOT","NATUSD","A","2005",1,
"USA","PPP","TOT","NATUSD","A","2006",1,
"USA","PPP","TOT","NATUSD","A","2007",1,
"USA","PPP","TOT","NATUSD","A","2008",1,
"USA","PPP","TOT","NATUSD","A","2009",1,
"USA","PPP","TOT","NATUSD","A","2010",1,
"USA","PPP","TOT","NATUSD","A","2011",1,
"USA","PPP","TOT","NATUSD","A","2012",1,
"USA","PPP","TOT","NATUSD","A","2013",1,
"USA","PPP","TOT","NATUSD","A","2014",1,
"USA","PPP","TOT","NATUSD","A","2015",1,
"USA","PPP","TOT","NATUSD","A","2016",1,
"USA","PPP","TOT","NATUSD","A","2017",1,
"USA","PPP","TOT","NATUSD","A","2018",1,
"USA","PPP","TOT","NATUSD","A","2019",1,
"USA","PPP","TOT","NATUSD","A","2020",1,
"USA","PPP","TOT","NATUSD","A","2021",1,
"USA","PPP","TOT","NATUSD","A","2022",1,
"BRA","PPP","TOT","NATUSD","A","2000",0.757989,
"BRA","PPP","TOT","NATUSD","A","2001",0.80226,
"BRA","PPP","TOT","NATUSD","A","2002",0.867348,
"BRA","PPP","TOT","NATUSD","A","2003",0.970414,
"BRA","PPP","TOT","NATUSD","A","2004",1.018306,
"BRA","PPP","TOT","NATUSD","A","2005",1.060716,
"BRA","PPP","TOT","NATUSD","A","2006",1.098672,
"BRA","PPP","TOT","NATUSD","A","2007",1.138643,
"BRA","PPP","TOT","NATUSD","A","2008",1.215291,
"BRA","PPP","TOT","NATUSD","A","2009",1.295865,
"BRA","PPP","TOT","NATUSD","A","2010",1.388336,
"BRA","PPP","TOT","NATUSD","A","2011",1.473216,
"BRA","PPP","TOT","NATUSD","A","2012",1.605704,
"BRA","PPP","TOT","NATUSD","A","2013",1.701276,
"BRA","PPP","TOT","NATUSD","A","2014",1.813201,
"BRA","PPP","TOT","NATUSD","A","2015",1.988814,
"BRA","PPP","TOT","NATUSD","A","2016",2.133082,
"BRA","PPP","TOT","NATUSD","A","2017",2.181557,
"BRA","PPP","TOT","NATUSD","A","2018",2.226397,
"BRA","PPP","TOT","NATUSD","A","2019",2.279669,
"BRA","PPP","TOT","NATUSD","A","2020",2.368305,
"BRA","PPP","TOT","NATUSD","A","2021",2.526131,
"BRA","PPP","TOT","NATUSD","A","2022",2.530068,
"CHL","PPP","TOT","NATUSD","A","2000",290.425639,
"CHL","PPP","TOT","NATUSD","A","2001",296.17501,
"CHL","PPP","TOT","NATUSD","A","2002",301.372385,
"CHL","PPP","TOT","NATUSD","A","2003",308.248357,
"CHL","PPP","TOT","NATUSD","A","2004",321.277791,
"CHL","PPP","TOT","NATUSD","A","2005",333.69,
"CHL","PPP","TOT","NATUSD","A","2006",318.574722,
"CHL","PPP","TOT","NATUSD","A","2007",323.878962,
"CHL","PPP","TOT","NATUSD","A","2008",340.400833,
"CHL","PPP","TOT","NATUSD","A","2009",354.325885,
"CHL","PPP","TOT","NATUSD","A","2010",359.83702,
"CHL","PPP","TOT","NATUSD","A","2011",348.016847,
"CHL","PPP","TOT","NATUSD","A","2012",347.228507,
"CHL","PPP","TOT","NATUSD","A","2013",349.680536,
"CHL","PPP","TOT","NATUSD","A","2014",367.213907,
"CHL","PPP","TOT","NATUSD","A","2015",391.178861,
"CHL","PPP","TOT","NATUSD","A","2016",397.250703,
"CHL","PPP","TOT","NATUSD","A","2017",397.689401,
"CHL","PPP","TOT","NATUSD","A","2018",396.229413,
"CHL","PPP","TOT","NATUSD","A","2019",401.613482,
"CHL","PPP","TOT","NATUSD","A","2020",418.445995,
"CHL","PPP","TOT","NATUSD","A","2021",435.156175,
"CHL","PPP","TOT","NATUSD","A","2022",437.561854,
"CHN","PPP","TOT","NATUSD","A","2000",2.722458,
"CHN","PPP","TOT","NATUSD","A","2001",2.716976,
"CHN","PPP","TOT","NATUSD","A","2002",2.691388,
"CHN","PPP","TOT","NATUSD","A","2003",2.708005,
"CHN","PPP","TOT","NATUSD","A","2004",2.82055,
"CHN","PPP","TOT","NATUSD","A","2005",2.841551,
"CHN","PPP","TOT","NATUSD","A","2006",2.864732,
"CHN","PPP","TOT","NATUSD","A","2007",3.005515,
"CHN","PPP","TOT","NATUSD","A","2008",3.178837,
"CHN","PPP","TOT","NATUSD","A","2009",3.151974,
"CHN","PPP","TOT","NATUSD","A","2010",3.328867,
"CHN","PPP","TOT","NATUSD","A","2011",3.524468,
"CHN","PPP","TOT","NATUSD","A","2012",3.560968,
"CHN","PPP","TOT","NATUSD","A","2013",3.663645,
"CHN","PPP","TOT","NATUSD","A","2014",3.75885,
"CHN","PPP","TOT","NATUSD","A","2015",3.870697,
"CHN","PPP","TOT","NATUSD","A","2016",3.988837,
"CHN","PPP","TOT","NATUSD","A","2017",4.183811,
"CHN","PPP","TOT","NATUSD","A","2018",4.229198,
"CHN","PPP","TOT","NATUSD","A","2019",4.20834,
"CHN","PPP","TOT","NATUSD","A","2020",4.178659,
"CHN","PPP","TOT","NATUSD","A","2021",4.187342,
"CHN","PPP","TOT","NATUSD","A","2022",4.021865,
"COL","PPP","TOT","NATUSD","A","2000",743.254866,
"COL","PPP","TOT","NATUSD","A","2001",779.778986,
"COL","PPP","TOT","NATUSD","A","2002",819.642123,
"COL","PPP","TOT","NATUSD","A","2003",878.84745,
"COL","PPP","TOT","NATUSD","A","2004",922.900219,
"COL","PPP","TOT","NATUSD","A","2005",961.019959,
"COL","PPP","TOT","NATUSD","A","2006",986.396773,
"COL","PPP","TOT","NATUSD","A","2007",1010.402682,
"COL","PPP","TOT","NATUSD","A","2008",1067.501015,
"COL","PPP","TOT","NATUSD","A","2009",1103.811854,
"COL","PPP","TOT","NATUSD","A","2010",1132.203391,
"COL","PPP","TOT","NATUSD","A","2011",1179.998238,
"COL","PPP","TOT","NATUSD","A","2012",1215.696024,
"COL","PPP","TOT","NATUSD","A","2013",1218.821028,
"COL","PPP","TOT","NATUSD","A","2014",1232.8894,
"COL","PPP","TOT","NATUSD","A","2015",1289.323671,
"COL","PPP","TOT","NATUSD","A","2016",1298.142605,
"COL","PPP","TOT","NATUSD","A","2017",1328.016627,
"COL","PPP","TOT","NATUSD","A","2018",1322.160543,
"COL","PPP","TOT","NATUSD","A","2019",1330.757328,
"COL","PPP","TOT","NATUSD","A","2020",1297.100384,
"COL","PPP","TOT","NATUSD","A","2021",1353.37981,
"COL","PPP","TOT","NATUSD","A","2022",1440.025311,
"EST","PPP","TOT","NATUSD","A","2000",0.468829,
"EST","PPP","TOT","NATUSD","A","2001",0.487919,
"EST","PPP","TOT","NATUSD","A","2002",0.486245,
"EST","PPP","TOT","NATUSD","A","2003",0.485748,
"EST","PPP","TOT","NATUSD","A","2004",0.493646,
"EST","PPP","TOT","NATUSD","A","2005",0.503328,
"EST","PPP","TOT","NATUSD","A","2006",0.520825,
"EST","PPP","TOT","NATUSD","A","2007",0.551112,
"EST","PPP","TOT","NATUSD","A","2008",0.545055,
"EST","PPP","TOT","NATUSD","A","2009",0.517114,
"EST","PPP","TOT","NATUSD","A","2010",0.512123,
"EST","PPP","TOT","NATUSD","A","2011",0.5116,
"EST","PPP","TOT","NATUSD","A","2012",0.521063,
"EST","PPP","TOT","NATUSD","A","2013",0.522424,
"EST","PPP","TOT","NATUSD","A","2014",0.52689,
"EST","PPP","TOT","NATUSD","A","2015",0.53758,
"EST","PPP","TOT","NATUSD","A","2016",0.527849,
"EST","PPP","TOT","NATUSD","A","2017",0.534908,
"EST","PPP","TOT","NATUSD","A","2018",0.538757,
"EST","PPP","TOT","NATUSD","A","2019",0.536428,
"EST","PPP","TOT","NATUSD","A","2020",0.523753,
"EST","PPP","TOT","NATUSD","A","2021",0.543421,
"EST","PPP","TOT","NATUSD","A","2022",0.569293,
"IND","PPP","TOT","NATUSD","A","2000",9.675326,
"IND","PPP","TOT","NATUSD","A","2001",9.766415,
"IND","PPP","TOT","NATUSD","A","2002",9.973858,
"IND","PPP","TOT","NATUSD","A","2003",10.159126,
"IND","PPP","TOT","NATUSD","A","2004",10.459989,
"IND","PPP","TOT","NATUSD","A","2005",10.712126,
"IND","PPP","TOT","NATUSD","A","2006",11.264471,
"IND","PPP","TOT","NATUSD","A","2007",11.729724,
"IND","PPP","TOT","NATUSD","A","2008",12.567122,
"IND","PPP","TOT","NATUSD","A","2009",13.366222,
"IND","PPP","TOT","NATUSD","A","2010",14.597721,
"IND","PPP","TOT","NATUSD","A","2011",15.549549,
"IND","PPP","TOT","NATUSD","A","2012",16.160835,
"IND","PPP","TOT","NATUSD","A","2013",17.342325,
"IND","PPP","TOT","NATUSD","A","2014",18.386549,
"IND","PPP","TOT","NATUSD","A","2015",19.235003,
"IND","PPP","TOT","NATUSD","A","2016",19.898727,
"IND","PPP","TOT","NATUSD","A","2017",20.647793,
"IND","PPP","TOT","NATUSD","A","2018",20.949321,
"IND","PPP","TOT","NATUSD","A","2019",21.073227,
"IND","PPP","TOT","NATUSD","A","2020",21.988508,
"IND","PPP","TOT","NATUSD","A","2021",23.215293,
"IND","PPP","TOT","NATUSD","A","2022",24.059486,
"IDN","PPP","TOT","NATUSD","A","2000",1386.6225,
"IDN","PPP","TOT","NATUSD","A","2001",1549.930902,
"IDN","PPP","TOT","NATUSD","A","2002",1616.127771,
"IDN","PPP","TOT","NATUSD","A","2003",1671.816675,
"IDN","PPP","TOT","NATUSD","A","2004",1767.32689,
"IDN","PPP","TOT","NATUSD","A","2005",1959.17998,
"IDN","PPP","TOT","NATUSD","A","2006",2168.274083,
"IDN","PPP","TOT","NATUSD","A","2007",2348.910981,
"IDN","PPP","TOT","NATUSD","A","2008",2723.007031,
"IDN","PPP","TOT","NATUSD","A","2009",2929.552019,
"IDN","PPP","TOT","NATUSD","A","2010",3336.628125,
"IDN","PPP","TOT","NATUSD","A","2011",3512.753906,
"IDN","PPP","TOT","NATUSD","A","2012",3569.892578,
"IDN","PPP","TOT","NATUSD","A","2013",3765.671875,
"IDN","PPP","TOT","NATUSD","A","2014",4030.774658,
"IDN","PPP","TOT","NATUSD","A","2015",4353.327148,
"IDN","PPP","TOT","NATUSD","A","2016",4518.104004,
"IDN","PPP","TOT","NATUSD","A","2017",4695.658691,
"IDN","PPP","TOT","NATUSD","A","2018",4761.208348,
"IDN","PPP","TOT","NATUSD","A","2019",4752.310403,
"IDN","PPP","TOT","NATUSD","A","2020",4675.215536,
"IDN","PPP","TOT","NATUSD","A","2021",4758.700957,
"IDN","PPP","TOT","NATUSD","A","2022",4934.262314,
"ISR","PPP","TOT","NATUSD","A","2000",3.433306,
"ISR","PPP","TOT","NATUSD","A","2001",3.41632,
"ISR","PPP","TOT","NATUSD","A","2002",3.462676,
"ISR","PPP","TOT","NATUSD","A","2003",3.626385,
"ISR","PPP","TOT","NATUSD","A","2004",3.536061,
"ISR","PPP","TOT","NATUSD","A","2005",3.716937,
"ISR","PPP","TOT","NATUSD","A","2006",3.805817,
"ISR","PPP","TOT","NATUSD","A","2007",3.737526,
"ISR","PPP","TOT","NATUSD","A","2008",3.867205,
"ISR","PPP","TOT","NATUSD","A","2009",3.990633,
"ISR","PPP","TOT","NATUSD","A","2010",3.990075,
"ISR","PPP","TOT","NATUSD","A","2011",3.944763,
"ISR","PPP","TOT","NATUSD","A","2012",3.955358,
"ISR","PPP","TOT","NATUSD","A","2013",3.839566,
"ISR","PPP","TOT","NATUSD","A","2014",3.940387,
"ISR","PPP","TOT","NATUSD","A","2015",3.923925,
"ISR","PPP","TOT","NATUSD","A","2016",3.788511,
"ISR","PPP","TOT","NATUSD","A","2017",3.751633,
"ISR","PPP","TOT","NATUSD","A","2018",3.784664,
"ISR","PPP","TOT","NATUSD","A","2019",3.87061,
"ISR","PPP","TOT","NATUSD","A","2020",3.83848,
"ISR","PPP","TOT","NATUSD","A","2021",3.824142,
"ISR","PPP","TOT","NATUSD","A","2022",3.733137,
"RUS","PPP","TOT","NATUSD","A","2000",7.301404,
"RUS","PPP","TOT","NATUSD","A","2001",8.322817,
"RUS","PPP","TOT","NATUSD","A","2002",9.273504,
"RUS","PPP","TOT","NATUSD","A","2003",9.866787,
"RUS","PPP","TOT","NATUSD","A","2004",11.556843,
"RUS","PPP","TOT","NATUSD","A","2005",12.736131,
"RUS","PPP","TOT","NATUSD","A","2006",12.618288,
"RUS","PPP","TOT","NATUSD","A","2007",13.984503,
"RUS","PPP","TOT","NATUSD","A","2008",14.341196,
"RUS","PPP","TOT","NATUSD","A","2009",14.016913,
"RUS","PPP","TOT","NATUSD","A","2010",15.821142,
"RUS","PPP","TOT","NATUSD","A","2011",18.443729,
"RUS","PPP","TOT","NATUSD","A","2012",19.56826,
"RUS","PPP","TOT","NATUSD","A","2013",19.505592,
"RUS","PPP","TOT","NATUSD","A","2014",20.998875,
"RUS","PPP","TOT","NATUSD","A","2015",23.562632,
"RUS","PPP","TOT","NATUSD","A","2016",24.192337,
"RUS","PPP","TOT","NATUSD","A","2017",24.124181,
"RUS","PPP","TOT","NATUSD","A","2018",24.542904,
"RUS","PPP","TOT","NATUSD","A","2019",24.838261,
"RUS","PPP","TOT","NATUSD","A","2020",24.492859,
"RUS","PPP","TOT","NATUSD","A","2021",27.245891,
"RUS","PPP","TOT","NATUSD","A","2022",28.80409,
"SVN","PPP","TOT","NATUSD","A","2000",0.526477,
"SVN","PPP","TOT","NATUSD","A","2001",0.560157,
"SVN","PPP","TOT","NATUSD","A","2002",0.583286,
"SVN","PPP","TOT","NATUSD","A","2003",0.60786,
"SVN","PPP","TOT","NATUSD","A","2004",0.607826,
"SVN","PPP","TOT","NATUSD","A","2005",0.610135,
"SVN","PPP","TOT","NATUSD","A","2006",0.609723,
"SVN","PPP","TOT","NATUSD","A","2007",0.630285,
"SVN","PPP","TOT","NATUSD","A","2008",0.633789,
"SVN","PPP","TOT","NATUSD","A","2009",0.645468,
"SVN","PPP","TOT","NATUSD","A","2010",0.637932,
"SVN","PPP","TOT","NATUSD","A","2011",0.62397,
"SVN","PPP","TOT","NATUSD","A","2012",0.606793,
"SVN","PPP","TOT","NATUSD","A","2013",0.590407,
"SVN","PPP","TOT","NATUSD","A","2014",0.591238,
"SVN","PPP","TOT","NATUSD","A","2015",0.595298,
"SVN","PPP","TOT","NATUSD","A","2016",0.577106,
"SVN","PPP","TOT","NATUSD","A","2017",0.570149,
"SVN","PPP","TOT","NATUSD","A","2018",0.567612,
"SVN","PPP","TOT","NATUSD","A","2019",0.552156,
"SVN","PPP","TOT","NATUSD","A","2020",0.547199,
"SVN","PPP","TOT","NATUSD","A","2021",0.563187,
"SVN","PPP","TOT","NATUSD","A","2022",0.551638,
"ZAF","PPP","TOT","NATUSD","A","2000",2.758894,
"ZAF","PPP","TOT","NATUSD","A","2001",2.908572,
"ZAF","PPP","TOT","NATUSD","A","2002",3.223016,
"ZAF","PPP","TOT","NATUSD","A","2003",3.362784,
"ZAF","PPP","TOT","NATUSD","A","2004",3.472747,
"ZAF","PPP","TOT","NATUSD","A","2005",3.555619,
"ZAF","PPP","TOT","NATUSD","A","2006",3.658372,
"ZAF","PPP","TOT","NATUSD","A","2007",3.855828,
"ZAF","PPP","TOT","NATUSD","A","2008",4.080267,
"ZAF","PPP","TOT","NATUSD","A","2009",4.405504,
"ZAF","PPP","TOT","NATUSD","A","2010",4.61997,
"ZAF","PPP","TOT","NATUSD","A","2011",4.776628,
"ZAF","PPP","TOT","NATUSD","A","2012",5.107817,
"ZAF","PPP","TOT","NATUSD","A","2013",5.295738,
"ZAF","PPP","TOT","NATUSD","A","2014",5.571891,
"ZAF","PPP","TOT","NATUSD","A","2015",5.825256,
"ZAF","PPP","TOT","NATUSD","A","2016",6.159093,
"ZAF","PPP","TOT","NATUSD","A","2017",6.426701,
"ZAF","PPP","TOT","NATUSD","A","2018",6.51186,
"ZAF","PPP","TOT","NATUSD","A","2019",6.694147,
"ZAF","PPP","TOT","NATUSD","A","2020",6.990961,
"ZAF","PPP","TOT","NATUSD","A","2021",7.129474,
"ZAF","PPP","TOT","NATUSD","A","2022",6.981046,
"LVA","PPP","TOT","NATUSD","A","2000",0.360807,
"LVA","PPP","TOT","NATUSD","A","2001",0.353372,
"LVA","PPP","TOT","NATUSD","A","2002",0.360954,
"LVA","PPP","TOT","NATUSD","A","2003",0.37821,
"LVA","PPP","TOT","NATUSD","A","2004",0.399331,
"LVA","PPP","TOT","NATUSD","A","2005",0.438592,
"LVA","PPP","TOT","NATUSD","A","2006",0.488962,
"LVA","PPP","TOT","NATUSD","A","2007",0.565745,
"LVA","PPP","TOT","NATUSD","A","2008",0.575542,
"LVA","PPP","TOT","NATUSD","A","2009",0.521103,
"LVA","PPP","TOT","NATUSD","A","2010",0.487009,
"LVA","PPP","TOT","NATUSD","A","2011",0.498503,
"LVA","PPP","TOT","NATUSD","A","2012",0.506203,
"LVA","PPP","TOT","NATUSD","A","2013",0.499271,
"LVA","PPP","TOT","NATUSD","A","2014",0.497558,
"LVA","PPP","TOT","NATUSD","A","2015",0.497569,
"LVA","PPP","TOT","NATUSD","A","2016",0.484535,
"LVA","PPP","TOT","NATUSD","A","2017",0.484537,
"LVA","PPP","TOT","NATUSD","A","2018",0.489931,
"LVA","PPP","TOT","NATUSD","A","2019",0.486824,
"LVA","PPP","TOT","NATUSD","A","2020",0.482772,
"LVA","PPP","TOT","NATUSD","A","2021",0.508965,
"LVA","PPP","TOT","NATUSD","A","2022",0.50925,
"LTU","PPP","TOT","NATUSD","A","2000",0.451663,
"LTU","PPP","TOT","NATUSD","A","2001",0.432808,
"LTU","PPP","TOT","NATUSD","A","2002",0.420731,
"LTU","PPP","TOT","NATUSD","A","2003",0.403973,
"LTU","PPP","TOT","NATUSD","A","2004",0.414036,
"LTU","PPP","TOT","NATUSD","A","2005",0.435161,
"LTU","PPP","TOT","NATUSD","A","2006",0.446318,
"LTU","PPP","TOT","NATUSD","A","2007",0.470144,
"LTU","PPP","TOT","NATUSD","A","2008",0.492829,
"LTU","PPP","TOT","NATUSD","A","2009",0.469369,
"LTU","PPP","TOT","NATUSD","A","2010",0.450379,
"LTU","PPP","TOT","NATUSD","A","2011",0.451919,
"LTU","PPP","TOT","NATUSD","A","2012",0.452657,
"LTU","PPP","TOT","NATUSD","A","2013",0.443347,
"LTU","PPP","TOT","NATUSD","A","2014",0.44262,
"LTU","PPP","TOT","NATUSD","A","2015",0.445858,
"LTU","PPP","TOT","NATUSD","A","2016",0.43844,
"LTU","PPP","TOT","NATUSD","A","2017",0.44272,
"LTU","PPP","TOT","NATUSD","A","2018",0.44662,
"LTU","PPP","TOT","NATUSD","A","2019",0.438134,
"LTU","PPP","TOT","NATUSD","A","2020",0.443761,
"LTU","PPP","TOT","NATUSD","A","2021",0.457769,
"LTU","PPP","TOT","NATUSD","A","2022",0.478849,
"SAU","PPP","TOT","NATUSD","A","2000",0.863324,
"SAU","PPP","TOT","NATUSD","A","2001",0.830399,
"SAU","PPP","TOT","NATUSD","A","2002",0.866362,
"SAU","PPP","TOT","NATUSD","A","2003",0.869276,
"SAU","PPP","TOT","NATUSD","A","2004",0.94015,
"SAU","PPP","TOT","NATUSD","A","2005",1.095242,
"SAU","PPP","TOT","NATUSD","A","2006",1.18541,
"SAU","PPP","TOT","NATUSD","A","2007",1.25158,
"SAU","PPP","TOT","NATUSD","A","2008",1.445263,
"SAU","PPP","TOT","NATUSD","A","2009",1.210407,
"SAU","PPP","TOT","NATUSD","A","2010",1.401647,
"SAU","PPP","TOT","NATUSD","A","2011",1.586354,
"SAU","PPP","TOT","NATUSD","A","2012",1.650197,
"SAU","PPP","TOT","NATUSD","A","2013",1.666466,
"SAU","PPP","TOT","NATUSD","A","2014",1.646281,
"SAU","PPP","TOT","NATUSD","A","2015",1.591297,
"SAU","PPP","TOT","NATUSD","A","2016",1.63892,
"SAU","PPP","TOT","NATUSD","A","2017",1.649027,
"SAU","PPP","TOT","NATUSD","A","2018",1.863075,
"SAU","PPP","TOT","NATUSD","A","2019",1.795289,
"SAU","PPP","TOT","NATUSD","A","2020",1.619635,
"SAU","PPP","TOT","NATUSD","A","2021",1.784958,
"EA19","PPP","TOT","NATUSD","A","2000",0.863575,
"EA19","PPP","TOT","NATUSD","A","2001",0.860479,
"EA19","PPP","TOT","NATUSD","A","2002",0.852016,
"EA19","PPP","TOT","NATUSD","A","2003",0.857832,
"EA19","PPP","TOT","NATUSD","A","2004",0.856015,
"EA19","PPP","TOT","NATUSD","A","2005",0.852717,
"EA19","PPP","TOT","NATUSD","A","2006",0.826473,
"EA19","PPP","TOT","NATUSD","A","2007",0.820103,
"EA19","PPP","TOT","NATUSD","A","2008",0.806163,
"EA19","PPP","TOT","NATUSD","A","2009",0.794982,
"EA19","PPP","TOT","NATUSD","A","2010",0.792929,
"EA19","PPP","TOT","NATUSD","A","2011",0.780439,
"EA19","PPP","TOT","NATUSD","A","2012",0.774154,
"EA19","PPP","TOT","NATUSD","A","2013",0.755531,
"EA19","PPP","TOT","NATUSD","A","2014",0.752018,
"EA19","PPP","TOT","NATUSD","A","2015",0.755233,
"EA19","PPP","TOT","NATUSD","A","2016",0.729715,
"EA19","PPP","TOT","NATUSD","A","2017",0.721081,
"EA19","PPP","TOT","NATUSD","A","2018",0.713376,
"EA19","PPP","TOT","NATUSD","A","2019",0.695402,
"EA19","PPP","TOT","NATUSD","A","2020",0.692448,
"EA19","PPP","TOT","NATUSD","A","2021",0.699479,
"EA19","PPP","TOT","NATUSD","A","2022",0.684035,
"ARG","PPP","TOT","NATUSD","A","2000",0.664171,
"ARG","PPP","TOT","NATUSD","A","2001",0.64242,
"ARG","PPP","TOT","NATUSD","A","2002",0.825842,
"ARG","PPP","TOT","NATUSD","A","2003",0.894859,
"ARG","PPP","TOT","NATUSD","A","2004",1.031495,
"ARG","PPP","TOT","NATUSD","A","2005",1.103322,
"ARG","PPP","TOT","NATUSD","A","2006",1.217367,
"ARG","PPP","TOT","NATUSD","A","2007",1.362421,
"ARG","PPP","TOT","NATUSD","A","2008",1.64653,
"ARG","PPP","TOT","NATUSD","A","2009",1.887629,
"ARG","PPP","TOT","NATUSD","A","2010",2.255324,
"ARG","PPP","TOT","NATUSD","A","2011",2.733128,
"ARG","PPP","TOT","NATUSD","A","2012",3.218154,
"ARG","PPP","TOT","NATUSD","A","2013",3.940967,
"ARG","PPP","TOT","NATUSD","A","2014",5.451964,
"ARG","PPP","TOT","NATUSD","A","2015",6.866548,
"ARG","PPP","TOT","NATUSD","A","2016",9.294966,
"ARG","PPP","TOT","NATUSD","A","2017",10.256822,
"ARG","PPP","TOT","NATUSD","A","2018",14.228226,
"ARG","PPP","TOT","NATUSD","A","2019",20.854851,
"ARG","PPP","TOT","NATUSD","A","2020",28.864934,
"ARG","PPP","TOT","NATUSD","A","2021",42.720786,
"CRI","PPP","TOT","NATUSD","A","2000",144.969577,
"CRI","PPP","TOT","NATUSD","A","2001",155.557427,
"CRI","PPP","TOT","NATUSD","A","2002",168.160883,
"CRI","PPP","TOT","NATUSD","A","2003",182.465688,
"CRI","PPP","TOT","NATUSD","A","2004",201.418699,
"CRI","PPP","TOT","NATUSD","A","2005",220.709011,
"CRI","PPP","TOT","NATUSD","A","2006",241.90248,
"CRI","PPP","TOT","NATUSD","A","2007",260.307856,
"CRI","PPP","TOT","NATUSD","A","2008",284.586636,
"CRI","PPP","TOT","NATUSD","A","2009",310.207075,
"CRI","PPP","TOT","NATUSD","A","2010",326.842192,
"CRI","PPP","TOT","NATUSD","A","2011",334.89666,
"CRI","PPP","TOT","NATUSD","A","2012",343.876659,
"CRI","PPP","TOT","NATUSD","A","2013",347.806785,
"CRI","PPP","TOT","NATUSD","A","2014",353.243788,
"CRI","PPP","TOT","NATUSD","A","2015",353.963974,
"CRI","PPP","TOT","NATUSD","A","2016",343.013617,
"CRI","PPP","TOT","NATUSD","A","2017",340.991882,
"CRI","PPP","TOT","NATUSD","A","2018",337.901936,
"CRI","PPP","TOT","NATUSD","A","2019",329.111783,
"CRI","PPP","TOT","NATUSD","A","2020",328.3749,
"CRI","PPP","TOT","NATUSD","A","2021",343.71626,
"CRI","PPP","TOT","NATUSD","A","2022",346.565157,
"BGR","PPP","TOT","NATUSD","A","2000",0.53596,
"BGR","PPP","TOT","NATUSD","A","2001",0.555871,
"BGR","PPP","TOT","NATUSD","A","2002",0.55829,
"BGR","PPP","TOT","NATUSD","A","2003",0.559801,
"BGR","PPP","TOT","NATUSD","A","2004",0.580243,
"BGR","PPP","TOT","NATUSD","A","2005",0.596499,
"BGR","PPP","TOT","NATUSD","A","2006",0.618318,
"BGR","PPP","TOT","NATUSD","A","2007",0.656358,
"BGR","PPP","TOT","NATUSD","A","2008",0.677681,
"BGR","PPP","TOT","NATUSD","A","2009",0.693162,
"BGR","PPP","TOT","NATUSD","A","2010",0.676944,
"BGR","PPP","TOT","NATUSD","A","2011",0.701072,
"BGR","PPP","TOT","NATUSD","A","2012",0.692817,
"BGR","PPP","TOT","NATUSD","A","2013",0.680006,
"BGR","PPP","TOT","NATUSD","A","2014",0.661232,
"BGR","PPP","TOT","NATUSD","A","2015",0.678699,
"BGR","PPP","TOT","NATUSD","A","2016",0.666663,
"BGR","PPP","TOT","NATUSD","A","2017",0.676282,
"BGR","PPP","TOT","NATUSD","A","2018",0.680103,
"BGR","PPP","TOT","NATUSD","A","2019",0.685703,
"BGR","PPP","TOT","NATUSD","A","2020",0.687358,
"BGR","PPP","TOT","NATUSD","A","2021",0.719135,
"HRV","PPP","TOT","NATUSD","A","2000",0.502553,
"HRV","PPP","TOT","NATUSD","A","2001",0.514066,
"HRV","PPP","TOT","NATUSD","A","2002",0.514879,
"HRV","PPP","TOT","NATUSD","A","2003",0.528745,
"HRV","PPP","TOT","NATUSD","A","2004",0.53196,
"HRV","PPP","TOT","NATUSD","A","2005",0.543299,
"HRV","PPP","TOT","NATUSD","A","2006",0.519566,
"HRV","PPP","TOT","NATUSD","A","2007",0.512987,
"HRV","PPP","TOT","NATUSD","A","2008",0.513958,
"HRV","PPP","TOT","NATUSD","A","2009",0.509971,
"HRV","PPP","TOT","NATUSD","A","2010",0.514109,
"HRV","PPP","TOT","NATUSD","A","2011",0.498058,
"HRV","PPP","TOT","NATUSD","A","2012",0.486315,
"HRV","PPP","TOT","NATUSD","A","2013",0.474498,
"HRV","PPP","TOT","NATUSD","A","2014",0.470303,
"HRV","PPP","TOT","NATUSD","A","2015",0.466172,
"HRV","PPP","TOT","NATUSD","A","2016",0.448869,
"HRV","PPP","TOT","NATUSD","A","2017",0.44126,
"HRV","PPP","TOT","NATUSD","A","2018",0.439453,
"HRV","PPP","TOT","NATUSD","A","2019",0.426624,
"HRV","PPP","TOT","NATUSD","A","2020",0.419851,
"HRV","PPP","TOT","NATUSD","A","2021",0.432278,
"CYP","PPP","TOT","NATUSD","A","2000",0.717004,
"CYP","PPP","TOT","NATUSD","A","2001",0.711724,
"CYP","PPP","TOT","NATUSD","A","2002",0.710508,
"CYP","PPP","TOT","NATUSD","A","2003",0.736493,
"CYP","PPP","TOT","NATUSD","A","2004",0.733634,
"CYP","PPP","TOT","NATUSD","A","2005",0.722889,
"CYP","PPP","TOT","NATUSD","A","2006",0.70994,
"CYP","PPP","TOT","NATUSD","A","2007",0.694155,
"CYP","PPP","TOT","NATUSD","A","2008",0.693818,
"CYP","PPP","TOT","NATUSD","A","2009",0.682047,
"CYP","PPP","TOT","NATUSD","A","2010",0.700146,
"CYP","PPP","TOT","NATUSD","A","2011",0.69862,
"CYP","PPP","TOT","NATUSD","A","2012",0.706852,
"CYP","PPP","TOT","NATUSD","A","2013",0.687315,
"CYP","PPP","TOT","NATUSD","A","2014",0.679714,
"CYP","PPP","TOT","NATUSD","A","2015",0.663139,
"CYP","PPP","TOT","NATUSD","A","2016",0.622326,
"CYP","PPP","TOT","NATUSD","A","2017",0.615185,
"CYP","PPP","TOT","NATUSD","A","2018",0.612443,
"CYP","PPP","TOT","NATUSD","A","2019",0.596707,
"CYP","PPP","TOT","NATUSD","A","2020",0.592581,
"CYP","PPP","TOT","NATUSD","A","2021",0.600921,
"MLT","PPP","TOT","NATUSD","A","2000",0.579978,
"MLT","PPP","TOT","NATUSD","A","2001",0.58901,
"MLT","PPP","TOT","NATUSD","A","2002",0.581837,
"MLT","PPP","TOT","NATUSD","A","2003",0.573871,
"MLT","PPP","TOT","NATUSD","A","2004",0.566253,
"MLT","PPP","TOT","NATUSD","A","2005",0.572729,
"MLT","PPP","TOT","NATUSD","A","2006",0.5717,
"MLT","PPP","TOT","NATUSD","A","2007",0.568046,
"MLT","PPP","TOT","NATUSD","A","2008",0.571554,
"MLT","PPP","TOT","NATUSD","A","2009",0.569426,
"MLT","PPP","TOT","NATUSD","A","2010",0.572483,
"MLT","PPP","TOT","NATUSD","A","2011",0.574147,
"MLT","PPP","TOT","NATUSD","A","2012",0.579729,
"MLT","PPP","TOT","NATUSD","A","2013",0.577476,
"MLT","PPP","TOT","NATUSD","A","2014",0.586362,
"MLT","PPP","TOT","NATUSD","A","2015",0.599699,
"MLT","PPP","TOT","NATUSD","A","2016",0.583016,
"MLT","PPP","TOT","NATUSD","A","2017",0.586426,
"MLT","PPP","TOT","NATUSD","A","2018",0.586721,
"MLT","PPP","TOT","NATUSD","A","2019",0.571788,
"MLT","PPP","TOT","NATUSD","A","2020",0.569044,
"MLT","PPP","TOT","NATUSD","A","2021",0.579067,
"ROU","PPP","TOT","NATUSD","A","2000",0.616099,
"ROU","PPP","TOT","NATUSD","A","2001",0.813557,
"ROU","PPP","TOT","NATUSD","A","2002",0.978351,
"ROU","PPP","TOT","NATUSD","A","2003",1.176624,
"ROU","PPP","TOT","NATUSD","A","2004",1.268741,
"ROU","PPP","TOT","NATUSD","A","2005",1.401277,
"ROU","PPP","TOT","NATUSD","A","2006",1.39965,
"ROU","PPP","TOT","NATUSD","A","2007",1.487745,
"ROU","PPP","TOT","NATUSD","A","2008",1.566239,
"ROU","PPP","TOT","NATUSD","A","2009",1.56714,
"ROU","PPP","TOT","NATUSD","A","2010",1.537659,
"ROU","PPP","TOT","NATUSD","A","2011",1.55003,
"ROU","PPP","TOT","NATUSD","A","2012",1.563593,
"ROU","PPP","TOT","NATUSD","A","2013",1.606223,
"ROU","PPP","TOT","NATUSD","A","2014",1.628374,
"ROU","PPP","TOT","NATUSD","A","2015",1.662866,
"ROU","PPP","TOT","NATUSD","A","2016",1.596921,
"ROU","PPP","TOT","NATUSD","A","2017",1.613577,
"ROU","PPP","TOT","NATUSD","A","2018",1.665591,
"ROU","PPP","TOT","NATUSD","A","2019",1.660742,
"ROU","PPP","TOT","NATUSD","A","2020",1.661226,
"ROU","PPP","TOT","NATUSD","A","2021",1.712335,
"MKD","PPP","TOT","NATUSD","A","2000",19.943667,
"MKD","PPP","TOT","NATUSD","A","2001",20.498408,
"MKD","PPP","TOT","NATUSD","A","2002",20.015094,
"MKD","PPP","TOT","NATUSD","A","2003",20.099522,
"MKD","PPP","TOT","NATUSD","A","2004",19.261623,
"MKD","PPP","TOT","NATUSD","A","2005",19.293497,
"MKD","PPP","TOT","NATUSD","A","2006",18.888338,
"MKD","PPP","TOT","NATUSD","A","2007",19.51138,
"MKD","PPP","TOT","NATUSD","A","2008",19.263906,
"MKD","PPP","TOT","NATUSD","A","2009",18.36314,
"MKD","PPP","TOT","NATUSD","A","2010",18.73046,
"MKD","PPP","TOT","NATUSD","A","2011",19.289463,
"MKD","PPP","TOT","NATUSD","A","2012",19.003542,
"MKD","PPP","TOT","NATUSD","A","2013",19.105341,
"MKD","PPP","TOT","NATUSD","A","2014",18.995965,
"MKD","PPP","TOT","NATUSD","A","2015",19.440576,
"MKD","PPP","TOT","NATUSD","A","2016",18.958594,
"MKD","PPP","TOT","NATUSD","A","2017",18.970187,
"MKD","PPP","TOT","NATUSD","A","2018",18.95113,
"MKD","PPP","TOT","NATUSD","A","2019",18.523246,
"MKD","PPP","TOT","NATUSD","A","2020",18.641518,
"MKD","PPP","TOT","NATUSD","A","2021",19.021869,
"ZMB","PPP","TOT","NATUSD","A","2000",0.654497,
"ZMB","PPP","TOT","NATUSD","A","2001",0.802215,
"ZMB","PPP","TOT","NATUSD","A","2002",0.943074,
"ZMB","PPP","TOT","NATUSD","A","2003",1.087662,
"ZMB","PPP","TOT","NATUSD","A","2004",1.268074,
"ZMB","PPP","TOT","NATUSD","A","2005",1.434236,
"ZMB","PPP","TOT","NATUSD","A","2006",1.593633,
"ZMB","PPP","TOT","NATUSD","A","2007",1.752957,
"ZMB","PPP","TOT","NATUSD","A","2008",1.902978,
"ZMB","PPP","TOT","NATUSD","A","2009",1.995984,
"ZMB","PPP","TOT","NATUSD","A","2010",2.247433,
"ZMB","PPP","TOT","NATUSD","A","2011",2.446346,
"ZMB","PPP","TOT","NATUSD","A","2012",2.651491,
"ZMB","PPP","TOT","NATUSD","A","2013",2.832861,
"ZMB","PPP","TOT","NATUSD","A","2014",3.064822,
"ZMB","PPP","TOT","NATUSD","A","2015",3.366482,
"ZMB","PPP","TOT","NATUSD","A","2016",3.878827,
"ZMB","PPP","TOT","NATUSD","A","2017",4.19258,
"ZMB","PPP","TOT","NATUSD","A","2018",4.398242,
"ZMB","PPP","TOT","NATUSD","A","2019",4.650791,
"ZMB","PPP","TOT","NATUSD","A","2020",5.226975,
"ZMB","PPP","TOT","NATUSD","A","2021",6.402819,
"HKG","PPP","TOT","NATUSD","A","2000",7.11084,
"HKG","PPP","TOT","NATUSD","A","2001",6.830802,
"HKG","PPP","TOT","NATUSD","A","2002",6.497167,
"HKG","PPP","TOT","NATUSD","A","2003",5.988644,
"HKG","PPP","TOT","NATUSD","A","2004",5.622665,
"HKG","PPP","TOT","NATUSD","A","2005",5.443526,
"HKG","PPP","TOT","NATUSD","A","2006",5.252349,
"HKG","PPP","TOT","NATUSD","A","2007",5.27459,
"HKG","PPP","TOT","NATUSD","A","2008",5.24165,
"HKG","PPP","TOT","NATUSD","A","2009",5.18871,
"HKG","PPP","TOT","NATUSD","A","2010",5.14097,
"HKG","PPP","TOT","NATUSD","A","2011",5.232639,
"HKG","PPP","TOT","NATUSD","A","2012",5.454228,
"HKG","PPP","TOT","NATUSD","A","2013",5.547579,
"HKG","PPP","TOT","NATUSD","A","2014",5.70645,
"HKG","PPP","TOT","NATUSD","A","2015",5.831053,
"HKG","PPP","TOT","NATUSD","A","2016",5.932289,
"HKG","PPP","TOT","NATUSD","A","2017",6.011433,
"HKG","PPP","TOT","NATUSD","A","2018",6.086028,
"HKG","PPP","TOT","NATUSD","A","2019",6.101326,
"HKG","PPP","TOT","NATUSD","A","2020",6.067352,
"HKG","PPP","TOT","NATUSD","A","2021",5.874937,
"MDG","PPP","TOT","NATUSD","A","2000",307.017714,
"MDG","PPP","TOT","NATUSD","A","2001",324.02403,
"MDG","PPP","TOT","NATUSD","A","2002",371.690308,
"MDG","PPP","TOT","NATUSD","A","2003",358.285566,
"MDG","PPP","TOT","NATUSD","A","2004",397.613617,
"MDG","PPP","TOT","NATUSD","A","2005",456.321253,
"MDG","PPP","TOT","NATUSD","A","2006",490.317975,
"MDG","PPP","TOT","NATUSD","A","2007",526.532055,
"MDG","PPP","TOT","NATUSD","A","2008",555.299552,
"MDG","PPP","TOT","NATUSD","A","2009",589.995537,
"MDG","PPP","TOT","NATUSD","A","2010",642.562215,
"MDG","PPP","TOT","NATUSD","A","2011",694.862671,
"MDG","PPP","TOT","NATUSD","A","2012",742.898193,
"MDG","PPP","TOT","NATUSD","A","2013",777.658813,
"MDG","PPP","TOT","NATUSD","A","2014",823.956116,
"MDG","PPP","TOT","NATUSD","A","2015",886.091309,
"MDG","PPP","TOT","NATUSD","A","2016",941.010864,
"MDG","PPP","TOT","NATUSD","A","2017",1013.434631,
"MDG","PPP","TOT","NATUSD","A","2018",1071.921058,
"MDG","PPP","TOT","NATUSD","A","2019",1121.767492,
"MDG","PPP","TOT","NATUSD","A","2020",1156.19367,
"MDG","PPP","TOT","NATUSD","A","2021",1192.178709,
"MAR","PPP","TOT","NATUSD","A","2000",3.967548,
"MAR","PPP","TOT","NATUSD","A","2001",3.905442,
"MAR","PPP","TOT","NATUSD","A","2002",3.891983,
"MAR","PPP","TOT","NATUSD","A","2003",3.857213,
"MAR","PPP","TOT","NATUSD","A","2004",3.802175,
"MAR","PPP","TOT","NATUSD","A","2005",3.730461,
"MAR","PPP","TOT","NATUSD","A","2006",3.67482,
"MAR","PPP","TOT","NATUSD","A","2007",3.706756,
"MAR","PPP","TOT","NATUSD","A","2008",3.801775,
"MAR","PPP","TOT","NATUSD","A","2009",3.783112,
"MAR","PPP","TOT","NATUSD","A","2010",3.774658,
"MAR","PPP","TOT","NATUSD","A","2011",3.672276,
"MAR","PPP","TOT","NATUSD","A","2012",3.749629,
"MAR","PPP","TOT","NATUSD","A","2013",3.79399,
"MAR","PPP","TOT","NATUSD","A","2014",4.033863,
"MAR","PPP","TOT","NATUSD","A","2015",3.996445,
"MAR","PPP","TOT","NATUSD","A","2016",3.994037,
"MAR","PPP","TOT","NATUSD","A","2017",4.02344,
"MAR","PPP","TOT","NATUSD","A","2018",3.972381,
"MAR","PPP","TOT","NATUSD","A","2019",3.955536,
"MAR","PPP","TOT","NATUSD","A","2020",3.941947,
"MAR","PPP","TOT","NATUSD","A","2021",3.859583,
"SGP","PPP","TOT","NATUSD","A","2000",0.939362,
"SGP","PPP","TOT","NATUSD","A","2001",0.901997,
"SGP","PPP","TOT","NATUSD","A","2002",0.880189,
"SGP","PPP","TOT","NATUSD","A","2003",0.847625,
"SGP","PPP","TOT","NATUSD","A","2004",0.858151,
"SGP","PPP","TOT","NATUSD","A","2005",0.847872,
"SGP","PPP","TOT","NATUSD","A","2006",0.837662,
"SGP","PPP","TOT","NATUSD","A","2007",0.863878,
"SGP","PPP","TOT","NATUSD","A","2008",0.835911,
"SGP","PPP","TOT","NATUSD","A","2009",0.855122,
"SGP","PPP","TOT","NATUSD","A","2010",0.854328,
"SGP","PPP","TOT","NATUSD","A","2011",0.846738,
"SGP","PPP","TOT","NATUSD","A","2012",0.845872,
"SGP","PPP","TOT","NATUSD","A","2013",0.858817,
"SGP","PPP","TOT","NATUSD","A","2014",0.863951,
"SGP","PPP","TOT","NATUSD","A","2015",0.8796,
"SGP","PPP","TOT","NATUSD","A","2016",0.878306,
"SGP","PPP","TOT","NATUSD","A","2017",0.88598,
"SGP","PPP","TOT","NATUSD","A","2018",0.895652,
"SGP","PPP","TOT","NATUSD","A","2019",0.876752,
"SGP","PPP","TOT","NATUSD","A","2020",0.840563,
"SGP","PPP","TOT","NATUSD","A","2021",0.839572,
"EU27_2020","PPP","TOT","NATUSD","A","2000",0.830536,
"EU27_2020","PPP","TOT","NATUSD","A","2001",0.82767,
"EU27_2020","PPP","TOT","NATUSD","A","2002",0.819609,
"EU27_2020","PPP","TOT","NATUSD","A","2003",0.820908,
"EU27_2020","PPP","TOT","NATUSD","A","2004",0.816956,
"EU27_2020","PPP","TOT","NATUSD","A","2005",0.818857,
"EU27_2020","PPP","TOT","NATUSD","A","2006",0.79493,
"EU27_2020","PPP","TOT","NATUSD","A","2007",0.789426,
"EU27_2020","PPP","TOT","NATUSD","A","2008",0.775888,
"EU27_2020","PPP","TOT","NATUSD","A","2009",0.754983,
"EU27_2020","PPP","TOT","NATUSD","A","2010",0.756756,
"EU27_2020","PPP","TOT","NATUSD","A","2011",0.745078,
"EU27_2020","PPP","TOT","NATUSD","A","2012",0.738366,
"EU27_2020","PPP","TOT","NATUSD","A","2013",0.721629,
"EU27_2020","PPP","TOT","NATUSD","A","2014",0.71661,
"EU27_2020","PPP","TOT","NATUSD","A","2015",0.718866,
"EU27_2020","PPP","TOT","NATUSD","A","2016",0.694576,
"EU27_2020","PPP","TOT","NATUSD","A","2017",0.686815,
"EU27_2020","PPP","TOT","NATUSD","A","2018",0.678076,
"EU27_2020","PPP","TOT","NATUSD","A","2019",0.659787,
"EU27_2020","PPP","TOT","NATUSD","A","2020",0.655107,
"EU27_2020","PPP","TOT","NATUSD","A","2021",0.663146,
"EU27_2020","PPP","TOT","NATUSD","A","2022",0.648504,
"ALB","PPP","TOT","NATUSD","A","2000",42.019486,
"ALB","PPP","TOT","NATUSD","A","2001",42.817111,
"ALB","PPP","TOT","NATUSD","A","2002",42.926277,
"ALB","PPP","TOT","NATUSD","A","2003",44.590902,
"ALB","PPP","TOT","NATUSD","A","2004",44.898365,
"ALB","PPP","TOT","NATUSD","A","2005",45.527297,
"ALB","PPP","TOT","NATUSD","A","2006",44.418875,
"ALB","PPP","TOT","NATUSD","A","2007",44.629817,
"ALB","PPP","TOT","NATUSD","A","2008",44.561274,
"ALB","PPP","TOT","NATUSD","A","2009",44.335825,
"ALB","PPP","TOT","NATUSD","A","2010",44.196575,
"ALB","PPP","TOT","NATUSD","A","2011",43.857653,
"ALB","PPP","TOT","NATUSD","A","2012",43.655213,
"ALB","PPP","TOT","NATUSD","A","2013",44.113607,
"ALB","PPP","TOT","NATUSD","A","2014",42.894115,
"ALB","PPP","TOT","NATUSD","A","2015",42.705735,
"ALB","PPP","TOT","NATUSD","A","2016",42.385674,
"ALB","PPP","TOT","NATUSD","A","2017",42.255635,
"ALB","PPP","TOT","NATUSD","A","2018",42.302971,
"ALB","PPP","TOT","NATUSD","A","2019",41.144098,
"ALB","PPP","TOT","NATUSD","A","2020",41.281216,
"ALB","PPP","TOT","NATUSD","A","2021",42.512743,
"SRB","PPP","TOT","NATUSD","A","2000",9.598673,
"SRB","PPP","TOT","NATUSD","A","2001",17.82793,
"SRB","PPP","TOT","NATUSD","A","2002",20.357691,
"SRB","PPP","TOT","NATUSD","A","2003",22.634732,
"SRB","PPP","TOT","NATUSD","A","2004",24.093756,
"SRB","PPP","TOT","NATUSD","A","2005",27.032759,
"SRB","PPP","TOT","NATUSD","A","2006",28.828782,
"SRB","PPP","TOT","NATUSD","A","2007",30.421645,
"SRB","PPP","TOT","NATUSD","A","2008",31.3247,
"SRB","PPP","TOT","NATUSD","A","2009",33.26091,
"SRB","PPP","TOT","NATUSD","A","2010",34.833767,
"SRB","PPP","TOT","NATUSD","A","2011",36.323651,
"SRB","PPP","TOT","NATUSD","A","2012",37.982496,
"SRB","PPP","TOT","NATUSD","A","2013",39.322713,
"SRB","PPP","TOT","NATUSD","A","2014",39.802158,
"SRB","PPP","TOT","NATUSD","A","2015",40.737336,
"SRB","PPP","TOT","NATUSD","A","2016",40.45503,
"SRB","PPP","TOT","NATUSD","A","2017",40.821015,
"SRB","PPP","TOT","NATUSD","A","2018",41.00432,
"SRB","PPP","TOT","NATUSD","A","2019",40.229964,
"SRB","PPP","TOT","NATUSD","A","2020",40.798796,
"SRB","PPP","TOT","NATUSD","A","2021",42.392183,
"GEO","PPP","TOT","NATUSD","A","2000",0.477975,
"GEO","PPP","TOT","NATUSD","A","2001",0.492574,
"GEO","PPP","TOT","NATUSD","A","2002",0.513724,
"GEO","PPP","TOT","NATUSD","A","2003",0.521033,
"GEO","PPP","TOT","NATUSD","A","2004",0.550197,
"GEO","PPP","TOT","NATUSD","A","2005",0.575807,
"GEO","PPP","TOT","NATUSD","A","2006",0.605766,
"GEO","PPP","TOT","NATUSD","A","2007",0.645648,
"GEO","PPP","TOT","NATUSD","A","2008",0.694286,
"GEO","PPP","TOT","NATUSD","A","2009",0.675129,
"GEO","PPP","TOT","NATUSD","A","2010",0.761769,
"GEO","PPP","TOT","NATUSD","A","2011",0.811295,
"GEO","PPP","TOT","NATUSD","A","2012",0.743101,
"GEO","PPP","TOT","NATUSD","A","2013",0.724774,
"GEO","PPP","TOT","NATUSD","A","2014",0.722902,
"GEO","PPP","TOT","NATUSD","A","2015",0.753517,
"GEO","PPP","TOT","NATUSD","A","2016",0.747673,
"GEO","PPP","TOT","NATUSD","A","2017",0.804572,
"GEO","PPP","TOT","NATUSD","A","2018",0.820068,
"GEO","PPP","TOT","NATUSD","A","2019",0.84749,
"GEO","PPP","TOT","NATUSD","A","2020",0.898371,
"GEO","PPP","TOT","NATUSD","A","2021",0.950974,
"CMR","PPP","TOT","NATUSD","A","2000",238.69688,
"CMR","PPP","TOT","NATUSD","A","2001",239.202055,
"CMR","PPP","TOT","NATUSD","A","2002",242.066023,
"CMR","PPP","TOT","NATUSD","A","2003",242.016921,
"CMR","PPP","TOT","NATUSD","A","2004",236.018798,
"CMR","PPP","TOT","NATUSD","A","2005",231.948414,
"CMR","PPP","TOT","NATUSD","A","2006",230.180076,
"CMR","PPP","TOT","NATUSD","A","2007",225.22288,
"CMR","PPP","TOT","NATUSD","A","2008",231.902368,
"CMR","PPP","TOT","NATUSD","A","2009",238.728861,
"CMR","PPP","TOT","NATUSD","A","2010",237.517299,
"CMR","PPP","TOT","NATUSD","A","2011",238.707077,
"CMR","PPP","TOT","NATUSD","A","2012",242.193954,
"CMR","PPP","TOT","NATUSD","A","2013",241.083008,
"CMR","PPP","TOT","NATUSD","A","2014",239.119339,
"CMR","PPP","TOT","NATUSD","A","2015",240.708267,
"CMR","PPP","TOT","NATUSD","A","2016",237.443756,
"CMR","PPP","TOT","NATUSD","A","2017",232.801392,
"CMR","PPP","TOT","NATUSD","A","2018",231.68269,
"CMR","PPP","TOT","NATUSD","A","2019",230.273904,
"CMR","PPP","TOT","NATUSD","A","2020",229.137013,
"CMR","PPP","TOT","NATUSD","A","2021",227.378726,
"SEN","PPP","TOT","NATUSD","A","2000",218.244411,
"SEN","PPP","TOT","NATUSD","A","2001",228.3655,
"SEN","PPP","TOT","NATUSD","A","2002",229.143775,
"SEN","PPP","TOT","NATUSD","A","2003",222.635128,
"SEN","PPP","TOT","NATUSD","A","2004",216.522371,
"SEN","PPP","TOT","NATUSD","A","2005",219.85002,
"SEN","PPP","TOT","NATUSD","A","2006",219.423287,
"SEN","PPP","TOT","NATUSD","A","2007",227.726098,
"SEN","PPP","TOT","NATUSD","A","2008",241.799753,
"SEN","PPP","TOT","NATUSD","A","2009",236.201716,
"SEN","PPP","TOT","NATUSD","A","2010",237.141428,
"SEN","PPP","TOT","NATUSD","A","2011",241.276062,
"SEN","PPP","TOT","NATUSD","A","2012",245.599808,
"SEN","PPP","TOT","NATUSD","A","2013",247.211914,
"SEN","PPP","TOT","NATUSD","A","2014",243.618332,
"SEN","PPP","TOT","NATUSD","A","2015",242.595215,
"SEN","PPP","TOT","NATUSD","A","2016",244.657715,
"SEN","PPP","TOT","NATUSD","A","2017",246.786667,
"SEN","PPP","TOT","NATUSD","A","2018",239.006736,
"SEN","PPP","TOT","NATUSD","A","2019",239.649156,
"SEN","PPP","TOT","NATUSD","A","2020",240.31656,
"SEN","PPP","TOT","NATUSD","A","2021",236.380142,
